aircraft,system,cycle,value,source
DEMO-001,apu,1,27.351,synthetic-v1
DEMO-001,apu,2,27.505,synthetic-v1
DEMO-001,apu,3,27.549,synthetic-v1
DEMO-001,apu,4,27.555,synthetic-v1
DEMO-001,apu,5,27.614,synthetic-v1
DEMO-001,apu,6,27.79,synthetic-v1
DEMO-001,apu,7,28.093,synthetic-v1
DEMO-001,apu,8,28.469,synthetic-v1
DEMO-001,apu,9,28.83,synthetic-v1
DEMO-001,apu,10,29.095,synthetic-v1
DEMO-001,apu,11,29.23,synthetic-v1
DEMO-001,apu,12,29.262,synthetic-v1
DEMO-001,apu,13,29.271,synthetic-v1
DEMO-001,apu,14,29.344,synthetic-v1
DEMO-001,apu,15,29.541,synthetic-v1
DEMO-001,apu,16,29.859,synthetic-v1
DEMO-001,apu,17,30.239,synthetic-v1
DEMO-001,apu,18,30.59,synthetic-v1
DEMO-001,apu,19,30.836,synthetic-v1
DEMO-001,apu,20,30.952,synthetic-v1
DEMO-001,apu,21,30.975,synthetic-v1
DEMO-001,apu,22,30.988,synthetic-v1
DEMO-001,apu,23,31.078,synthetic-v1
DEMO-001,apu,24,31.294,synthetic-v1
DEMO-001,apu,25,31.627,synthetic-v1
DEMO-001,apu,26,32.008,synthetic-v1
DEMO-001,apu,27,32.347,synthetic-v1
DEMO-001,apu,28,32.574,synthetic-v1
DEMO-001,apu,29,32.672,synthetic-v1
DEMO-001,apu,30,32.688,synthetic-v1
DEMO-001,apu,31,32.707,synthetic-v1
DEMO-001,apu,32,32.814,synthetic-v1
DEMO-001,apu,33,33.05,synthetic-v1
DEMO-001,apu,34,33.395,synthetic-v1
DEMO-001,apu,35,33.776,synthetic-v1
DEMO-001,apu,36,34.102,synthetic-v1
DEMO-001,apu,37,34.309,synthetic-v1
DEMO-001,apu,38,34.39,synthetic-v1
DEMO-001,apu,39,34.401,synthetic-v1
DEMO-001,apu,40,34.428,synthetic-v1
DEMO-001,apu,41,34.554,synthetic-v1
DEMO-001,apu,42,34.809,synthetic-v1
DEMO-001,apu,43,35.165,synthetic-v1
DEMO-001,apu,44,35.543,synthetic-v1
DEMO-001,apu,45,35.854,synthetic-v1
DEMO-001,apu,46,36.041,synthetic-v1
DEMO-001,apu,47,36.107,synthetic-v1
DEMO-001,apu,48,36.114,synthetic-v1
DEMO-001,apu,49,36.152,synthetic-v1
DEMO-001,apu,50,36.296,synthetic-v1
DEMO-001,apu,51,36.57,synthetic-v1
DEMO-001,apu,52,36.935,synthetic-v1
DEMO-001,apu,53,37.308,synthetic-v1
DEMO-001,apu,54,37.603,synthetic-v1
DEMO-001,apu,55,37.77,synthetic-v1
DEMO-001,apu,56,37.822,synthetic-v1
DEMO-001,apu,57,37.828,synthetic-v1
DEMO-001,apu,58,37.878,synthetic-v1
DEMO-001,apu,59,38.042,synthetic-v1
DEMO-001,apu,60,38.333,synthetic-v1
DEMO-001,brakes,1,0.476,synthetic-v1
DEMO-001,brakes,2,0.562,synthetic-v1
DEMO-001,brakes,3,0.621,synthetic-v1
DEMO-001,brakes,4,0.687,synthetic-v1
DEMO-001,brakes,5,0.792,synthetic-v1
DEMO-001,brakes,6,0.949,synthetic-v1
DEMO-001,brakes,7,1.147,synthetic-v1
DEMO-001,brakes,8,1.352,synthetic-v1
DEMO-001,brakes,9,1.531,synthetic-v1
DEMO-001,brakes,10,1.66,synthetic-v1
DEMO-001,brakes,11,1.74,synthetic-v1
DEMO-001,brakes,12,1.798,synthetic-v1
DEMO-001,brakes,13,1.868,synthetic-v1
DEMO-001,brakes,14,1.98,synthetic-v1
DEMO-001,brakes,15,2.145,synthetic-v1
DEMO-001,brakes,16,2.346,synthetic-v1
DEMO-001,brakes,17,2.55,synthetic-v1
DEMO-001,brakes,18,2.722,synthetic-v1
DEMO-001,brakes,19,2.843,synthetic-v1
DEMO-001,brakes,20,2.918,synthetic-v1
DEMO-001,brakes,21,2.975,synthetic-v1
DEMO-001,brakes,22,3.05,synthetic-v1
DEMO-001,brakes,23,3.17,synthetic-v1
DEMO-001,brakes,24,3.342,synthetic-v1
DEMO-001,brakes,25,3.545,synthetic-v1
DEMO-001,brakes,26,3.746,synthetic-v1
DEMO-001,brakes,27,3.911,synthetic-v1
DEMO-001,brakes,28,4.025,synthetic-v1
DEMO-001,brakes,29,4.095,synthetic-v1
DEMO-001,brakes,30,4.152,synthetic-v1
DEMO-001,brakes,31,4.233,synthetic-v1
DEMO-001,brakes,32,4.361,synthetic-v1
DEMO-001,brakes,33,4.539,synthetic-v1
DEMO-001,brakes,34,4.745,synthetic-v1
DEMO-001,brakes,35,4.942,synthetic-v1
DEMO-001,brakes,36,5.1,synthetic-v1
DEMO-001,brakes,37,5.205,synthetic-v1
DEMO-001,brakes,38,5.271,synthetic-v1
DEMO-001,brakes,39,5.33,synthetic-v1
DEMO-001,brakes,40,5.417,synthetic-v1
DEMO-001,brakes,41,5.553,synthetic-v1
DEMO-001,brakes,42,5.737,synthetic-v1
DEMO-001,brakes,43,5.944,synthetic-v1
DEMO-001,brakes,44,6.137,synthetic-v1
DEMO-001,brakes,45,6.287,synthetic-v1
DEMO-001,brakes,46,6.385,synthetic-v1
DEMO-001,brakes,47,6.448,synthetic-v1
DEMO-001,brakes,48,6.509,synthetic-v1
DEMO-001,brakes,49,6.602,synthetic-v1
DEMO-001,brakes,50,6.746,synthetic-v1
DEMO-001,brakes,51,6.936,synthetic-v1
DEMO-001,brakes,52,7.143,synthetic-v1
DEMO-001,brakes,53,7.331,synthetic-v1
DEMO-001,brakes,54,7.473,synthetic-v1
DEMO-001,brakes,55,7.565,synthetic-v1
DEMO-001,brakes,56,7.624,synthetic-v1
DEMO-001,brakes,57,7.688,synthetic-v1
DEMO-001,brakes,58,7.788,synthetic-v1
DEMO-001,brakes,59,7.941,synthetic-v1
DEMO-001,brakes,60,8.135,synthetic-v1
DEMO-001,hydraulic,1,2.979,synthetic-v1
DEMO-001,hydraulic,2,2.983,synthetic-v1
DEMO-001,hydraulic,3,2.991,synthetic-v1
DEMO-001,hydraulic,4,3.014,synthetic-v1
DEMO-001,hydraulic,5,3.054,synthetic-v1
DEMO-001,hydraulic,6,3.106,synthetic-v1
DEMO-001,hydraulic,7,3.158,synthetic-v1
DEMO-001,hydraulic,8,3.199,synthetic-v1
DEMO-001,hydraulic,9,3.223,synthetic-v1
DEMO-001,hydraulic,10,3.231,synthetic-v1
DEMO-001,hydraulic,11,3.235,synthetic-v1
DEMO-001,hydraulic,12,3.245,synthetic-v1
DEMO-001,hydraulic,13,3.27,synthetic-v1
DEMO-001,hydraulic,14,3.312,synthetic-v1
DEMO-001,hydraulic,15,3.365,synthetic-v1
DEMO-001,hydraulic,16,3.416,synthetic-v1
DEMO-001,hydraulic,17,3.455,synthetic-v1
DEMO-001,hydraulic,18,3.476,synthetic-v1
DEMO-001,hydraulic,19,3.483,synthetic-v1
DEMO-001,hydraulic,20,3.487,synthetic-v1
DEMO-001,hydraulic,21,3.499,synthetic-v1
DEMO-001,hydraulic,22,3.527,synthetic-v1
DEMO-001,hydraulic,23,3.571,synthetic-v1
DEMO-001,hydraulic,24,3.624,synthetic-v1
DEMO-001,hydraulic,25,3.674,synthetic-v1
DEMO-001,hydraulic,26,3.71,synthetic-v1
DEMO-001,hydraulic,27,3.729,synthetic-v1
DEMO-001,hydraulic,28,3.735,synthetic-v1
DEMO-001,hydraulic,29,3.739,synthetic-v1
DEMO-001,hydraulic,30,3.753,synthetic-v1
DEMO-001,hydraulic,31,3.784,synthetic-v1
DEMO-001,hydraulic,32,3.83,synthetic-v1
DEMO-001,hydraulic,33,3.884,synthetic-v1
DEMO-001,hydraulic,34,3.932,synthetic-v1
DEMO-001,hydraulic,35,3.966,synthetic-v1
DEMO-001,hydraulic,36,3.982,synthetic-v1
DEMO-001,hydraulic,37,3.987,synthetic-v1
DEMO-001,hydraulic,38,3.992,synthetic-v1
DEMO-001,hydraulic,39,4.008,synthetic-v1
DEMO-001,hydraulic,40,4.041,synthetic-v1
DEMO-001,hydraulic,41,4.09,synthetic-v1
DEMO-001,hydraulic,42,4.143,synthetic-v1
DEMO-001,hydraulic,43,4.19,synthetic-v1
DEMO-001,hydraulic,44,4.22,synthetic-v1
DEMO-001,hydraulic,45,4.235,synthetic-v1
DEMO-001,hydraulic,46,4.239,synthetic-v1
DEMO-001,hydraulic,47,4.245,synthetic-v1
DEMO-001,hydraulic,48,4.263,synthetic-v1
DEMO-001,hydraulic,49,4.299,synthetic-v1
DEMO-001,hydraulic,50,4.349,synthetic-v1
DEMO-001,hydraulic,51,4.402,synthetic-v1
DEMO-001,hydraulic,52,4.447,synthetic-v1
DEMO-001,hydraulic,53,4.475,synthetic-v1
DEMO-001,hydraulic,54,4.487,synthetic-v1
DEMO-001,hydraulic,55,4.491,synthetic-v1
DEMO-001,hydraulic,56,4.498,synthetic-v1
DEMO-001,hydraulic,57,4.519,synthetic-v1
DEMO-001,hydraulic,58,4.557,synthetic-v1
DEMO-001,hydraulic,59,4.608,synthetic-v1
DEMO-001,hydraulic,60,4.661,synthetic-v1
DEMO-001,pack,1,0.0,synthetic-v1
DEMO-001,pack,2,0.0,synthetic-v1
DEMO-001,pack,3,0.0,synthetic-v1
DEMO-001,pack,4,0.0,synthetic-v1
DEMO-001,pack,5,0.0,synthetic-v1
DEMO-001,pack,6,0.0,synthetic-v1
DEMO-001,pack,7,0.0,synthetic-v1
DEMO-001,pack,8,0.0,synthetic-v1
DEMO-001,pack,9,0.0,synthetic-v1
DEMO-001,pack,10,0.0,synthetic-v1
DEMO-001,pack,11,0.0,synthetic-v1
DEMO-001,pack,12,0.0,synthetic-v1
DEMO-001,pack,13,0.0,synthetic-v1
DEMO-001,pack,14,0.0,synthetic-v1
DEMO-001,pack,15,0.0,synthetic-v1
DEMO-001,pack,16,0.0,synthetic-v1
DEMO-001,pack,17,0.0,synthetic-v1
DEMO-001,pack,18,0.0,synthetic-v1
DEMO-001,pack,19,0.0,synthetic-v1
DEMO-001,pack,20,0.0,synthetic-v1
DEMO-001,pack,21,0.0,synthetic-v1
DEMO-001,pack,22,0.0,synthetic-v1
DEMO-001,pack,23,0.0,synthetic-v1
DEMO-001,pack,24,0.059,synthetic-v1
DEMO-001,pack,25,0.21,synthetic-v1
DEMO-001,pack,26,0.319,synthetic-v1
DEMO-001,pack,27,0.39,synthetic-v1
DEMO-001,pack,28,0.443,synthetic-v1
DEMO-001,pack,29,0.511,synthetic-v1
DEMO-001,pack,30,0.616,synthetic-v1
DEMO-001,pack,31,0.764,synthetic-v1
DEMO-001,pack,32,0.94,synthetic-v1
DEMO-001,pack,33,1.115,synthetic-v1
DEMO-001,pack,34,1.26,synthetic-v1
DEMO-001,pack,35,1.363,synthetic-v1
DEMO-001,pack,36,1.429,synthetic-v1
DEMO-001,pack,37,1.483,synthetic-v1
DEMO-001,pack,38,1.555,synthetic-v1
DEMO-001,pack,39,1.667,synthetic-v1
DEMO-001,pack,40,1.821,synthetic-v1
DEMO-001,pack,41,1.998,synthetic-v1
DEMO-001,pack,42,2.17,synthetic-v1
DEMO-001,pack,43,2.309,synthetic-v1
DEMO-001,pack,44,2.406,synthetic-v1
DEMO-001,pack,45,2.468,synthetic-v1
DEMO-001,pack,46,2.523,synthetic-v1
DEMO-001,pack,47,2.6,synthetic-v1
DEMO-001,pack,48,2.719,synthetic-v1
DEMO-001,pack,49,2.877,synthetic-v1
DEMO-001,pack,50,3.056,synthetic-v1
DEMO-001,pack,51,3.224,synthetic-v1
DEMO-001,pack,52,3.358,synthetic-v1
DEMO-001,pack,53,3.448,synthetic-v1
DEMO-001,pack,54,3.507,synthetic-v1
DEMO-001,pack,55,3.564,synthetic-v1
DEMO-001,pack,56,3.646,synthetic-v1
DEMO-001,pack,57,3.771,synthetic-v1
DEMO-001,pack,58,3.935,synthetic-v1
DEMO-001,pack,59,4.114,synthetic-v1
DEMO-001,pack,60,4.278,synthetic-v1
DEMO-001,actuator,1,231.017,synthetic-v1
DEMO-001,actuator,2,231.921,synthetic-v1
DEMO-001,actuator,3,233.895,synthetic-v1
DEMO-001,actuator,4,236.997,synthetic-v1
DEMO-001,actuator,5,240.737,synthetic-v1
DEMO-001,actuator,6,244.321,synthetic-v1
DEMO-001,actuator,7,247.027,synthetic-v1
DEMO-001,actuator,8,248.559,synthetic-v1
DEMO-001,actuator,9,249.188,synthetic-v1
DEMO-001,actuator,10,249.62,synthetic-v1
DEMO-001,actuator,11,250.66,synthetic-v1
DEMO-001,actuator,12,252.814,synthetic-v1
DEMO-001,actuator,13,256.054,synthetic-v1
DEMO-001,actuator,14,259.825,synthetic-v1
DEMO-001,actuator,15,263.315,synthetic-v1
DEMO-001,actuator,16,265.85,synthetic-v1
DEMO-001,actuator,17,267.215,synthetic-v1
DEMO-001,actuator,18,267.762,synthetic-v1
DEMO-001,actuator,19,268.238,synthetic-v1
DEMO-001,actuator,20,269.424,synthetic-v1
DEMO-001,actuator,21,271.758,synthetic-v1
DEMO-001,actuator,22,275.124,synthetic-v1
DEMO-001,actuator,23,278.905,synthetic-v1
DEMO-001,actuator,24,282.287,synthetic-v1
DEMO-001,actuator,25,284.646,synthetic-v1
DEMO-001,actuator,26,285.852,synthetic-v1
DEMO-001,actuator,27,286.335,synthetic-v1
DEMO-001,actuator,28,286.873,synthetic-v1
DEMO-001,actuator,29,288.216,synthetic-v1
DEMO-001,actuator,30,290.727,synthetic-v1
DEMO-001,actuator,31,294.203,synthetic-v1
DEMO-001,actuator,32,297.977,synthetic-v1
DEMO-001,actuator,33,301.235,synthetic-v1
DEMO-001,actuator,34,303.414,synthetic-v1
DEMO-001,actuator,35,304.472,synthetic-v1
DEMO-001,actuator,36,304.91,synthetic-v1
DEMO-001,actuator,37,305.526,synthetic-v1
DEMO-001,actuator,38,307.035,synthetic-v1
DEMO-001,actuator,39,309.718,synthetic-v1
DEMO-001,actuator,40,313.29,synthetic-v1
DEMO-001,actuator,41,317.036,synthetic-v1
DEMO-001,actuator,42,320.157,synthetic-v1
DEMO-001,actuator,43,322.156,synthetic-v1
DEMO-001,actuator,44,323.078,synthetic-v1
DEMO-001,actuator,45,323.488,synthetic-v1
DEMO-001,actuator,46,324.201,synthetic-v1
DEMO-001,actuator,47,325.882,synthetic-v1
DEMO-001,actuator,48,328.73,synthetic-v1
DEMO-001,actuator,49,332.381,synthetic-v1
DEMO-001,actuator,50,336.08,synthetic-v1
DEMO-001,actuator,51,339.053,synthetic-v1
DEMO-001,actuator,52,340.872,synthetic-v1
DEMO-001,actuator,53,341.671,synthetic-v1
DEMO-001,actuator,54,342.074,synthetic-v1
DEMO-001,actuator,55,342.898,synthetic-v1
DEMO-001,actuator,56,344.756,synthetic-v1
DEMO-001,actuator,57,347.762,synthetic-v1
DEMO-001,actuator,58,351.473,synthetic-v1
DEMO-001,actuator,59,355.108,synthetic-v1
DEMO-001,actuator,60,357.921,synthetic-v1
DEMO-002,apu,1,28.959,synthetic-v1
DEMO-002,apu,2,29.061,synthetic-v1
DEMO-002,apu,3,29.125,synthetic-v1
DEMO-002,apu,4,29.244,synthetic-v1
DEMO-002,apu,5,29.48,synthetic-v1
DEMO-002,apu,6,29.842,synthetic-v1
DEMO-002,apu,7,30.276,synthetic-v1
DEMO-002,apu,8,30.695,synthetic-v1
DEMO-002,apu,9,31.018,synthetic-v1
DEMO-002,apu,10,31.21,synthetic-v1
DEMO-002,apu,11,31.301,synthetic-v1
DEMO-002,apu,12,31.368,synthetic-v1
DEMO-002,apu,13,31.501,synthetic-v1
DEMO-002,apu,14,31.757,synthetic-v1
DEMO-002,apu,15,32.135,synthetic-v1
DEMO-002,apu,16,32.573,synthetic-v1
DEMO-002,apu,17,32.982,synthetic-v1
DEMO-002,apu,18,33.285,synthetic-v1
DEMO-002,apu,19,33.459,synthetic-v1
DEMO-002,apu,20,33.54,synthetic-v1
DEMO-002,apu,21,33.612,synthetic-v1
DEMO-002,apu,22,33.761,synthetic-v1
DEMO-002,apu,23,34.037,synthetic-v1
DEMO-002,apu,24,34.429,synthetic-v1
DEMO-002,apu,25,34.869,synthetic-v1
DEMO-002,apu,26,35.265,synthetic-v1
DEMO-002,apu,27,35.549,synthetic-v1
DEMO-002,apu,28,35.705,synthetic-v1
DEMO-002,apu,29,35.779,synthetic-v1
DEMO-002,apu,30,35.857,synthetic-v1
DEMO-002,apu,31,36.024,synthetic-v1
DEMO-002,apu,32,36.32,synthetic-v1
DEMO-002,apu,33,36.724,synthetic-v1
DEMO-002,apu,34,37.163,synthetic-v1
DEMO-002,apu,35,37.547,synthetic-v1
DEMO-002,apu,36,37.811,synthetic-v1
DEMO-002,apu,37,37.95,synthetic-v1
DEMO-002,apu,38,38.019,synthetic-v1
DEMO-002,apu,39,38.105,synthetic-v1
DEMO-002,apu,40,38.29,synthetic-v1
DEMO-002,apu,41,38.605,synthetic-v1
DEMO-002,apu,42,39.02,synthetic-v1
DEMO-002,apu,43,39.457,synthetic-v1
DEMO-002,apu,44,39.825,synthetic-v1
DEMO-002,apu,45,40.069,synthetic-v1
DEMO-002,apu,46,40.193,synthetic-v1
DEMO-002,apu,47,40.258,synthetic-v1
DEMO-002,apu,48,40.355,synthetic-v1
DEMO-002,apu,49,40.559,synthetic-v1
DEMO-002,apu,50,40.893,synthetic-v1
DEMO-002,apu,51,41.317,synthetic-v1
DEMO-002,apu,52,41.748,synthetic-v1
DEMO-002,apu,53,42.1,synthetic-v1
DEMO-002,apu,54,42.324,synthetic-v1
DEMO-002,apu,55,42.434,synthetic-v1
DEMO-002,apu,56,42.499,synthetic-v1
DEMO-002,apu,57,42.608,synthetic-v1
DEMO-002,apu,58,42.831,synthetic-v1
DEMO-002,apu,59,43.183,synthetic-v1
DEMO-002,apu,60,43.614,synthetic-v1
DEMO-002,brakes,1,7.072,synthetic-v1
DEMO-002,brakes,2,7.052,synthetic-v1
DEMO-002,brakes,3,7.04,synthetic-v1
DEMO-002,brakes,4,7.068,synthetic-v1
DEMO-002,brakes,5,7.148,synthetic-v1
DEMO-002,brakes,6,7.267,synthetic-v1
DEMO-002,brakes,7,7.395,synthetic-v1
DEMO-002,brakes,8,7.495,synthetic-v1
DEMO-002,brakes,9,7.545,synthetic-v1
DEMO-002,brakes,10,7.548,synthetic-v1
DEMO-002,brakes,11,7.527,synthetic-v1
DEMO-002,brakes,12,7.519,synthetic-v1
DEMO-002,brakes,13,7.555,synthetic-v1
DEMO-002,brakes,14,7.642,synthetic-v1
DEMO-002,brakes,15,7.765,synthetic-v1
DEMO-002,brakes,16,7.89,synthetic-v1
DEMO-002,brakes,17,7.984,synthetic-v1
DEMO-002,brakes,18,8.026,synthetic-v1
DEMO-002,brakes,19,8.023,synthetic-v1
DEMO-002,brakes,20,8.002,synthetic-v1
DEMO-002,brakes,21,7.999,synthetic-v1
DEMO-002,brakes,22,8.042,synthetic-v1
DEMO-002,brakes,23,8.136,synthetic-v1
DEMO-002,brakes,24,8.262,synthetic-v1
DEMO-002,brakes,25,8.385,synthetic-v1
DEMO-002,brakes,26,8.472,synthetic-v1
DEMO-002,brakes,27,8.506,synthetic-v1
DEMO-002,brakes,28,8.498,synthetic-v1
DEMO-002,brakes,29,8.477,synthetic-v1
DEMO-002,brakes,30,8.48,synthetic-v1
DEMO-002,brakes,31,8.531,synthetic-v1
DEMO-002,brakes,32,8.632,synthetic-v1
DEMO-002,brakes,33,8.76,synthetic-v1
DEMO-002,brakes,34,8.879,synthetic-v1
DEMO-002,brakes,35,8.958,synthetic-v1
DEMO-002,brakes,36,8.985,synthetic-v1
DEMO-002,brakes,37,8.973,synthetic-v1
DEMO-002,brakes,38,8.953,synthetic-v1
DEMO-002,brakes,39,8.962,synthetic-v1
DEMO-002,brakes,40,9.021,synthetic-v1
DEMO-002,brakes,41,9.128,synthetic-v1
DEMO-002,brakes,42,9.257,synthetic-v1
DEMO-002,brakes,43,9.372,synthetic-v1
DEMO-002,brakes,44,9.443,synthetic-v1
DEMO-002,brakes,45,9.463,synthetic-v1
DEMO-002,brakes,46,9.447,synthetic-v1
DEMO-002,brakes,47,9.43,synthetic-v1
DEMO-002,brakes,48,9.446,synthetic-v1
DEMO-002,brakes,49,9.513,synthetic-v1
DEMO-002,brakes,50,9.625,synthetic-v1
DEMO-002,brakes,51,9.754,synthetic-v1
DEMO-002,brakes,52,9.864,synthetic-v1
DEMO-002,brakes,53,9.927,synthetic-v1
DEMO-002,brakes,54,9.94,synthetic-v1
DEMO-002,brakes,55,9.922,synthetic-v1
DEMO-002,brakes,56,9.908,synthetic-v1
DEMO-002,brakes,57,9.93,synthetic-v1
DEMO-002,brakes,58,10.005,synthetic-v1
DEMO-002,brakes,59,10.122,synthetic-v1
DEMO-002,brakes,60,10.25,synthetic-v1
DEMO-002,hydraulic,1,1.0,synthetic-v1
DEMO-002,hydraulic,2,1.0,synthetic-v1
DEMO-002,hydraulic,3,1.0,synthetic-v1
DEMO-002,hydraulic,4,1.0,synthetic-v1
DEMO-002,hydraulic,5,1.0,synthetic-v1
DEMO-002,hydraulic,6,1.0,synthetic-v1
DEMO-002,hydraulic,7,1.0,synthetic-v1
DEMO-002,hydraulic,8,1.0,synthetic-v1
DEMO-002,hydraulic,9,1.0,synthetic-v1
DEMO-002,hydraulic,10,1.0,synthetic-v1
DEMO-002,hydraulic,11,1.0,synthetic-v1
DEMO-002,hydraulic,12,1.0,synthetic-v1
DEMO-002,hydraulic,13,1.0,synthetic-v1
DEMO-002,hydraulic,14,1.0,synthetic-v1
DEMO-002,hydraulic,15,1.0,synthetic-v1
DEMO-002,hydraulic,16,1.0,synthetic-v1
DEMO-002,hydraulic,17,1.0,synthetic-v1
DEMO-002,hydraulic,18,1.0,synthetic-v1
DEMO-002,hydraulic,19,1.0,synthetic-v1
DEMO-002,hydraulic,20,1.0,synthetic-v1
DEMO-002,hydraulic,21,1.0,synthetic-v1
DEMO-002,hydraulic,22,1.047,synthetic-v1
DEMO-002,hydraulic,23,1.108,synthetic-v1
DEMO-002,hydraulic,24,1.165,synthetic-v1
DEMO-002,hydraulic,25,1.209,synthetic-v1
DEMO-002,hydraulic,26,1.235,synthetic-v1
DEMO-002,hydraulic,27,1.249,synthetic-v1
DEMO-002,hydraulic,28,1.261,synthetic-v1
DEMO-002,hydraulic,29,1.283,synthetic-v1
DEMO-002,hydraulic,30,1.322,synthetic-v1
DEMO-002,hydraulic,31,1.376,synthetic-v1
DEMO-002,hydraulic,32,1.437,synthetic-v1
DEMO-002,hydraulic,33,1.493,synthetic-v1
DEMO-002,hydraulic,34,1.534,synthetic-v1
DEMO-002,hydraulic,35,1.558,synthetic-v1
DEMO-002,hydraulic,36,1.571,synthetic-v1
DEMO-002,hydraulic,37,1.584,synthetic-v1
DEMO-002,hydraulic,38,1.608,synthetic-v1
DEMO-002,hydraulic,39,1.649,synthetic-v1
DEMO-002,hydraulic,40,1.705,synthetic-v1
DEMO-002,hydraulic,41,1.767,synthetic-v1
DEMO-002,hydraulic,42,1.821,synthetic-v1
DEMO-002,hydraulic,43,1.859,synthetic-v1
DEMO-002,hydraulic,44,1.881,synthetic-v1
DEMO-002,hydraulic,45,1.893,synthetic-v1
DEMO-002,hydraulic,46,1.907,synthetic-v1
DEMO-002,hydraulic,47,1.933,synthetic-v1
DEMO-002,hydraulic,48,1.977,synthetic-v1
DEMO-002,hydraulic,49,2.035,synthetic-v1
DEMO-002,hydraulic,50,2.096,synthetic-v1
DEMO-002,hydraulic,51,2.148,synthetic-v1
DEMO-002,hydraulic,52,2.184,synthetic-v1
DEMO-002,hydraulic,53,2.204,synthetic-v1
DEMO-002,hydraulic,54,2.215,synthetic-v1
DEMO-002,hydraulic,55,2.23,synthetic-v1
DEMO-002,hydraulic,56,2.259,synthetic-v1
DEMO-002,hydraulic,57,2.306,synthetic-v1
DEMO-002,hydraulic,58,2.365,synthetic-v1
DEMO-002,hydraulic,59,2.425,synthetic-v1
DEMO-002,hydraulic,60,2.475,synthetic-v1
DEMO-002,pack,1,2.802,synthetic-v1
DEMO-002,pack,2,2.824,synthetic-v1
DEMO-002,pack,3,2.889,synthetic-v1
DEMO-002,pack,4,2.99,synthetic-v1
DEMO-002,pack,5,3.104,synthetic-v1
DEMO-002,pack,6,3.2,synthetic-v1
DEMO-002,pack,7,3.257,synthetic-v1
DEMO-002,pack,8,3.272,synthetic-v1
DEMO-002,pack,9,3.263,synthetic-v1
DEMO-002,pack,10,3.259,synthetic-v1
DEMO-002,pack,11,3.287,synthetic-v1
DEMO-002,pack,12,3.358,synthetic-v1
DEMO-002,pack,13,3.463,synthetic-v1
DEMO-002,pack,14,3.576,synthetic-v1
DEMO-002,pack,15,3.667,synthetic-v1
DEMO-002,pack,16,3.718,synthetic-v1
DEMO-002,pack,17,3.728,synthetic-v1
DEMO-002,pack,18,3.717,synthetic-v1
DEMO-002,pack,19,3.716,synthetic-v1
DEMO-002,pack,20,3.75,synthetic-v1
DEMO-002,pack,21,3.828,synthetic-v1
DEMO-002,pack,22,3.936,synthetic-v1
DEMO-002,pack,23,4.048,synthetic-v1
DEMO-002,pack,24,4.134,synthetic-v1
DEMO-002,pack,25,4.177,synthetic-v1
DEMO-002,pack,26,4.182,synthetic-v1
DEMO-002,pack,27,4.171,synthetic-v1
DEMO-002,pack,28,4.174,synthetic-v1
DEMO-002,pack,29,4.215,synthetic-v1
DEMO-002,pack,30,4.298,synthetic-v1
DEMO-002,pack,31,4.409,synthetic-v1
DEMO-002,pack,32,4.519,synthetic-v1
DEMO-002,pack,33,4.599,synthetic-v1
DEMO-002,pack,34,4.636,synthetic-v1
DEMO-002,pack,35,4.637,synthetic-v1
DEMO-002,pack,36,4.626,synthetic-v1
DEMO-002,pack,37,4.633,synthetic-v1
DEMO-002,pack,38,4.681,synthetic-v1
DEMO-002,pack,39,4.77,synthetic-v1
DEMO-002,pack,40,4.882,synthetic-v1
DEMO-002,pack,41,4.989,synthetic-v1
DEMO-002,pack,42,5.063,synthetic-v1
DEMO-002,pack,43,5.094,synthetic-v1
DEMO-002,pack,44,5.091,synthetic-v1
DEMO-002,pack,45,5.081,synthetic-v1
DEMO-002,pack,46,5.094,synthetic-v1
DEMO-002,pack,47,5.147,synthetic-v1
DEMO-002,pack,48,5.241,synthetic-v1
DEMO-002,pack,49,5.355,synthetic-v1
DEMO-002,pack,50,5.458,synthetic-v1
DEMO-002,pack,51,5.526,synthetic-v1
DEMO-002,pack,52,5.551,synthetic-v1
DEMO-002,pack,53,5.545,synthetic-v1
DEMO-002,pack,54,5.537,synthetic-v1
DEMO-002,pack,55,5.554,synthetic-v1
DEMO-002,pack,56,5.615,synthetic-v1
DEMO-002,pack,57,5.714,synthetic-v1
DEMO-002,pack,58,5.828,synthetic-v1
DEMO-002,pack,59,5.927,synthetic-v1
DEMO-002,pack,60,5.988,synthetic-v1
DEMO-002,actuator,1,244.449,synthetic-v1
DEMO-002,actuator,2,247.651,synthetic-v1
DEMO-002,actuator,3,251.746,synthetic-v1
DEMO-002,actuator,4,256.02,synthetic-v1
DEMO-002,actuator,5,259.674,synthetic-v1
DEMO-002,actuator,6,262.206,synthetic-v1
DEMO-002,actuator,7,263.66,synthetic-v1
DEMO-002,actuator,8,264.599,synthetic-v1
DEMO-002,actuator,9,265.833,synthetic-v1
DEMO-002,actuator,10,268.033,synthetic-v1
DEMO-002,actuator,11,271.401,synthetic-v1
DEMO-002,actuator,12,275.575,synthetic-v1
DEMO-002,actuator,13,279.804,synthetic-v1
DEMO-002,actuator,14,283.309,synthetic-v1
DEMO-002,actuator,15,285.662,synthetic-v1
DEMO-002,actuator,16,286.993,synthetic-v1
DEMO-002,actuator,17,287.922,synthetic-v1
DEMO-002,actuator,18,289.268,synthetic-v1
DEMO-002,actuator,19,291.645,synthetic-v1
DEMO-002,actuator,20,295.17,synthetic-v1
DEMO-002,actuator,21,299.406,synthetic-v1
DEMO-002,actuator,22,303.57,synthetic-v1
DEMO-002,actuator,23,306.917,synthetic-v1
DEMO-002,actuator,24,309.094,synthetic-v1
DEMO-002,actuator,25,310.315,synthetic-v1
DEMO-002,actuator,26,311.256,synthetic-v1
DEMO-002,actuator,27,312.727,synthetic-v1
DEMO-002,actuator,28,315.284,synthetic-v1
DEMO-002,actuator,29,318.956,synthetic-v1
DEMO-002,actuator,30,323.235,synthetic-v1
DEMO-002,actuator,31,327.318,synthetic-v1
DEMO-002,actuator,32,330.498,synthetic-v1
DEMO-002,actuator,33,332.503,synthetic-v1
DEMO-002,actuator,34,333.631,synthetic-v1
DEMO-002,actuator,35,334.602,synthetic-v1
DEMO-002,actuator,36,336.212,synthetic-v1
DEMO-002,actuator,37,338.949,synthetic-v1
DEMO-002,actuator,38,342.756,synthetic-v1
DEMO-002,actuator,39,347.059,synthetic-v1
DEMO-002,actuator,40,351.044,synthetic-v1
DEMO-002,actuator,41,354.051,synthetic-v1
DEMO-002,actuator,42,355.892,synthetic-v1
DEMO-002,actuator,43,356.944,synthetic-v1
DEMO-002,actuator,44,357.963,synthetic-v1
DEMO-002,actuator,45,359.724,synthetic-v1
DEMO-002,actuator,46,362.639,synthetic-v1
DEMO-002,actuator,47,366.568,synthetic-v1
DEMO-002,actuator,48,370.875,synthetic-v1
DEMO-002,actuator,49,374.747,synthetic-v1
DEMO-002,actuator,50,377.576,synthetic-v1
DEMO-002,actuator,51,379.262,synthetic-v1
DEMO-002,actuator,52,380.256,synthetic-v1
DEMO-002,actuator,53,381.342,synthetic-v1
DEMO-002,actuator,54,383.262,synthetic-v1
DEMO-002,actuator,55,386.354,synthetic-v1
DEMO-002,actuator,56,390.388,synthetic-v1
DEMO-002,actuator,57,394.682,synthetic-v1
DEMO-002,actuator,58,398.425,synthetic-v1
DEMO-002,actuator,59,401.074,synthetic-v1
DEMO-002,actuator,60,402.616,synthetic-v1
DEMO-003,apu,1,30.455,synthetic-v1
DEMO-003,apu,2,30.579,synthetic-v1
DEMO-003,apu,3,30.756,synthetic-v1
DEMO-003,apu,4,31.052,synthetic-v1
DEMO-003,apu,5,31.474,synthetic-v1
DEMO-003,apu,6,31.967,synthetic-v1
DEMO-003,apu,7,32.444,synthetic-v1
DEMO-003,apu,8,32.824,synthetic-v1
DEMO-003,apu,9,33.073,synthetic-v1
DEMO-003,apu,10,33.222,synthetic-v1
DEMO-003,apu,11,33.348,synthetic-v1
DEMO-003,apu,12,33.54,synthetic-v1
DEMO-003,apu,13,33.856,synthetic-v1
DEMO-003,apu,14,34.293,synthetic-v1
DEMO-003,apu,15,34.79,synthetic-v1
DEMO-003,apu,16,35.257,synthetic-v1
DEMO-003,apu,17,35.618,synthetic-v1
DEMO-003,apu,18,35.848,synthetic-v1
DEMO-003,apu,19,35.988,synthetic-v1
DEMO-003,apu,20,36.118,synthetic-v1
DEMO-003,apu,21,36.327,synthetic-v1
DEMO-003,apu,22,36.663,synthetic-v1
DEMO-003,apu,23,37.114,synthetic-v1
DEMO-003,apu,24,37.612,synthetic-v1
DEMO-003,apu,25,38.067,synthetic-v1
DEMO-003,apu,26,38.408,synthetic-v1
DEMO-003,apu,27,38.621,synthetic-v1
DEMO-003,apu,28,38.753,synthetic-v1
DEMO-003,apu,29,38.891,synthetic-v1
DEMO-003,apu,30,39.117,synthetic-v1
DEMO-003,apu,31,39.472,synthetic-v1
DEMO-003,apu,32,39.936,synthetic-v1
DEMO-003,apu,33,40.433,synthetic-v1
DEMO-003,apu,34,40.874,synthetic-v1
DEMO-003,apu,35,41.196,synthetic-v1
DEMO-003,apu,36,41.392,synthetic-v1
DEMO-003,apu,37,41.519,synthetic-v1
DEMO-003,apu,38,41.665,synthetic-v1
DEMO-003,apu,39,41.91,synthetic-v1
DEMO-003,apu,40,42.284,synthetic-v1
DEMO-003,apu,41,42.759,synthetic-v1
DEMO-003,apu,42,43.253,synthetic-v1
DEMO-003,apu,43,43.679,synthetic-v1
DEMO-003,apu,44,43.98,synthetic-v1
DEMO-003,apu,45,44.162,synthetic-v1
DEMO-003,apu,46,44.285,synthetic-v1
DEMO-003,apu,47,44.442,synthetic-v1
DEMO-003,apu,48,44.705,synthetic-v1
DEMO-003,apu,49,45.099,synthetic-v1
DEMO-003,apu,50,45.582,synthetic-v1
DEMO-003,apu,51,46.071,synthetic-v1
DEMO-003,apu,52,46.481,synthetic-v1
DEMO-003,apu,53,46.762,synthetic-v1
DEMO-003,apu,54,46.93,synthetic-v1
DEMO-003,apu,55,47.052,synthetic-v1
DEMO-003,apu,56,47.221,synthetic-v1
DEMO-003,apu,57,47.504,synthetic-v1
DEMO-003,apu,58,47.915,synthetic-v1
DEMO-003,apu,59,48.405,synthetic-v1
DEMO-003,apu,60,48.888,synthetic-v1
DEMO-003,brakes,1,0.0,synthetic-v1
DEMO-003,brakes,2,0.0,synthetic-v1
DEMO-003,brakes,3,0.0,synthetic-v1
DEMO-003,brakes,4,0.0,synthetic-v1
DEMO-003,brakes,5,0.0,synthetic-v1
DEMO-003,brakes,6,0.0,synthetic-v1
DEMO-003,brakes,7,0.0,synthetic-v1
DEMO-003,brakes,8,0.0,synthetic-v1
DEMO-003,brakes,9,0.0,synthetic-v1
DEMO-003,brakes,10,0.0,synthetic-v1
DEMO-003,brakes,11,0.0,synthetic-v1
DEMO-003,brakes,12,0.0,synthetic-v1
DEMO-003,brakes,13,0.0,synthetic-v1
DEMO-003,brakes,14,0.079,synthetic-v1
DEMO-003,brakes,15,0.212,synthetic-v1
DEMO-003,brakes,16,0.3,synthetic-v1
DEMO-003,brakes,17,0.336,synthetic-v1
DEMO-003,brakes,18,0.341,synthetic-v1
DEMO-003,brakes,19,0.35,synthetic-v1
DEMO-003,brakes,20,0.396,synthetic-v1
DEMO-003,brakes,21,0.494,synthetic-v1
DEMO-003,brakes,22,0.634,synthetic-v1
DEMO-003,brakes,23,0.786,synthetic-v1
DEMO-003,brakes,24,0.914,synthetic-v1
DEMO-003,brakes,25,0.993,synthetic-v1
DEMO-003,brakes,26,1.023,synthetic-v1
DEMO-003,brakes,27,1.027,synthetic-v1
DEMO-003,brakes,28,1.039,synthetic-v1
DEMO-003,brakes,29,1.093,synthetic-v1
DEMO-003,brakes,30,1.198,synthetic-v1
DEMO-003,brakes,31,1.342,synthetic-v1
DEMO-003,brakes,32,1.493,synthetic-v1
DEMO-003,brakes,33,1.614,synthetic-v1
DEMO-003,brakes,34,1.685,synthetic-v1
DEMO-003,brakes,35,1.709,synthetic-v1
DEMO-003,brakes,36,1.712,synthetic-v1
DEMO-003,brakes,37,1.729,synthetic-v1
DEMO-003,brakes,38,1.79,synthetic-v1
DEMO-003,brakes,39,1.903,synthetic-v1
DEMO-003,brakes,40,2.05,synthetic-v1
DEMO-003,brakes,41,2.198,synthetic-v1
DEMO-003,brakes,42,2.313,synthetic-v1
DEMO-003,brakes,43,2.377,synthetic-v1
DEMO-003,brakes,44,2.395,synthetic-v1
DEMO-003,brakes,45,2.398,synthetic-v1
DEMO-003,brakes,46,2.42,synthetic-v1
DEMO-003,brakes,47,2.489,synthetic-v1
DEMO-003,brakes,48,2.609,synthetic-v1
DEMO-003,brakes,49,2.758,synthetic-v1
DEMO-003,brakes,50,2.904,synthetic-v1
DEMO-003,brakes,51,3.011,synthetic-v1
DEMO-003,brakes,52,3.067,synthetic-v1
DEMO-003,brakes,53,3.081,synthetic-v1
DEMO-003,brakes,54,3.084,synthetic-v1
DEMO-003,brakes,55,3.112,synthetic-v1
DEMO-003,brakes,56,3.189,synthetic-v1
DEMO-003,brakes,57,3.315,synthetic-v1
DEMO-003,brakes,58,3.466,synthetic-v1
DEMO-003,brakes,59,3.608,synthetic-v1
DEMO-003,brakes,60,3.708,synthetic-v1
DEMO-003,hydraulic,1,1.0,synthetic-v1
DEMO-003,hydraulic,2,1.0,synthetic-v1
DEMO-003,hydraulic,3,1.0,synthetic-v1
DEMO-003,hydraulic,4,1.0,synthetic-v1
DEMO-003,hydraulic,5,1.0,synthetic-v1
DEMO-003,hydraulic,6,1.0,synthetic-v1
DEMO-003,hydraulic,7,1.0,synthetic-v1
DEMO-003,hydraulic,8,1.0,synthetic-v1
DEMO-003,hydraulic,9,1.0,synthetic-v1
DEMO-003,hydraulic,10,1.0,synthetic-v1
DEMO-003,hydraulic,11,1.0,synthetic-v1
DEMO-003,hydraulic,12,1.0,synthetic-v1
DEMO-003,hydraulic,13,1.055,synthetic-v1
DEMO-003,hydraulic,14,1.122,synthetic-v1
DEMO-003,hydraulic,15,1.176,synthetic-v1
DEMO-003,hydraulic,16,1.213,synthetic-v1
DEMO-003,hydraulic,17,1.235,synthetic-v1
DEMO-003,hydraulic,18,1.255,synthetic-v1
DEMO-003,hydraulic,19,1.282,synthetic-v1
DEMO-003,hydraulic,20,1.326,synthetic-v1
DEMO-003,hydraulic,21,1.387,synthetic-v1
DEMO-003,hydraulic,22,1.455,synthetic-v1
DEMO-003,hydraulic,23,1.521,synthetic-v1
DEMO-003,hydraulic,24,1.572,synthetic-v1
DEMO-003,hydraulic,25,1.606,synthetic-v1
DEMO-003,hydraulic,26,1.628,synthetic-v1
DEMO-003,hydraulic,27,1.647,synthetic-v1
DEMO-003,hydraulic,28,1.677,synthetic-v1
DEMO-003,hydraulic,29,1.724,synthetic-v1
DEMO-003,hydraulic,30,1.786,synthetic-v1
DEMO-003,hydraulic,31,1.855,synthetic-v1
DEMO-003,hydraulic,32,1.919,synthetic-v1
DEMO-003,hydraulic,33,1.968,synthetic-v1
DEMO-003,hydraulic,34,1.999,synthetic-v1
DEMO-003,hydraulic,35,2.02,synthetic-v1
DEMO-003,hydraulic,36,2.04,synthetic-v1
DEMO-003,hydraulic,37,2.072,synthetic-v1
DEMO-003,hydraulic,38,2.122,synthetic-v1
DEMO-003,hydraulic,39,2.186,synthetic-v1
DEMO-003,hydraulic,40,2.255,synthetic-v1
DEMO-003,hydraulic,41,2.317,synthetic-v1
DEMO-003,hydraulic,42,2.363,synthetic-v1
DEMO-003,hydraulic,43,2.392,synthetic-v1
DEMO-003,hydraulic,44,2.412,synthetic-v1
DEMO-003,hydraulic,45,2.434,synthetic-v1
DEMO-003,hydraulic,46,2.468,synthetic-v1
DEMO-003,hydraulic,47,2.52,synthetic-v1
DEMO-003,hydraulic,48,2.585,synthetic-v1
DEMO-003,hydraulic,49,2.654,synthetic-v1
DEMO-003,hydraulic,50,2.714,synthetic-v1
DEMO-003,hydraulic,51,2.758,synthetic-v1
DEMO-003,hydraulic,52,2.785,synthetic-v1
DEMO-003,hydraulic,53,2.804,synthetic-v1
DEMO-003,hydraulic,54,2.827,synthetic-v1
DEMO-003,hydraulic,55,2.864,synthetic-v1
DEMO-003,hydraulic,56,2.918,synthetic-v1
DEMO-003,hydraulic,57,2.985,synthetic-v1
DEMO-003,hydraulic,58,3.053,synthetic-v1
DEMO-003,hydraulic,59,3.111,synthetic-v1
DEMO-003,hydraulic,60,3.152,synthetic-v1
DEMO-003,pack,1,3.322,synthetic-v1
DEMO-003,pack,2,3.406,synthetic-v1
DEMO-003,pack,3,3.528,synthetic-v1
DEMO-003,pack,4,3.661,synthetic-v1
DEMO-003,pack,5,3.777,synthetic-v1
DEMO-003,pack,6,3.853,synthetic-v1
DEMO-003,pack,7,3.887,synthetic-v1
DEMO-003,pack,8,3.897,synthetic-v1
DEMO-003,pack,9,3.912,synthetic-v1
DEMO-003,pack,10,3.96,synthetic-v1
DEMO-003,pack,11,4.051,synthetic-v1
DEMO-003,pack,12,4.176,synthetic-v1
DEMO-003,pack,13,4.309,synthetic-v1
DEMO-003,pack,14,4.419,synthetic-v1
DEMO-003,pack,15,4.489,synthetic-v1
DEMO-003,pack,16,4.518,synthetic-v1
DEMO-003,pack,17,4.527,synthetic-v1
DEMO-003,pack,18,4.545,synthetic-v1
DEMO-003,pack,19,4.599,synthetic-v1
DEMO-003,pack,20,4.697,synthetic-v1
DEMO-003,pack,21,4.824,synthetic-v1
DEMO-003,pack,22,4.956,synthetic-v1
DEMO-003,pack,23,5.061,synthetic-v1
DEMO-003,pack,24,5.124,synthetic-v1
DEMO-003,pack,25,5.148,synthetic-v1
DEMO-003,pack,26,5.156,synthetic-v1
DEMO-003,pack,27,5.179,synthetic-v1
DEMO-003,pack,28,5.24,synthetic-v1
DEMO-003,pack,29,5.343,synthetic-v1
DEMO-003,pack,30,5.473,synthetic-v1
DEMO-003,pack,31,5.602,synthetic-v1
DEMO-003,pack,32,5.701,synthetic-v1
DEMO-003,pack,33,5.758,synthetic-v1
DEMO-003,pack,34,5.778,synthetic-v1
DEMO-003,pack,35,5.786,synthetic-v1
DEMO-003,pack,36,5.814,synthetic-v1
DEMO-003,pack,37,5.881,synthetic-v1
DEMO-003,pack,38,5.99,synthetic-v1
DEMO-003,pack,39,6.122,synthetic-v1
DEMO-003,pack,40,6.248,synthetic-v1
DEMO-003,pack,41,6.341,synthetic-v1
DEMO-003,pack,42,6.391,synthetic-v1
DEMO-003,pack,43,6.407,synthetic-v1
DEMO-003,pack,44,6.417,synthetic-v1
DEMO-003,pack,45,6.449,synthetic-v1
DEMO-003,pack,46,6.523,synthetic-v1
DEMO-003,pack,47,6.637,synthetic-v1
DEMO-003,pack,48,6.77,synthetic-v1
DEMO-003,pack,49,6.893,synthetic-v1
DEMO-003,pack,50,6.98,synthetic-v1
DEMO-003,pack,51,7.023,synthetic-v1
DEMO-003,pack,52,7.037,synthetic-v1
DEMO-003,pack,53,7.048,synthetic-v1
DEMO-003,pack,54,7.086,synthetic-v1
DEMO-003,pack,55,7.166,synthetic-v1
DEMO-003,pack,56,7.285,synthetic-v1
DEMO-003,pack,57,7.418,synthetic-v1
DEMO-003,pack,58,7.537,synthetic-v1
DEMO-003,pack,59,7.617,synthetic-v1
DEMO-003,pack,60,7.655,synthetic-v1
DEMO-003,actuator,1,259.88,synthetic-v1
DEMO-003,actuator,2,264.507,synthetic-v1
DEMO-003,actuator,3,269.305,synthetic-v1
DEMO-003,actuator,4,273.475,synthetic-v1
DEMO-003,actuator,5,276.523,synthetic-v1
DEMO-003,actuator,6,278.496,synthetic-v1
DEMO-003,actuator,7,279.959,synthetic-v1
DEMO-003,actuator,8,281.727,synthetic-v1
DEMO-003,actuator,9,284.465,synthetic-v1
DEMO-003,actuator,10,288.369,synthetic-v1
DEMO-003,actuator,11,293.074,synthetic-v1
DEMO-003,actuator,12,297.826,synthetic-v1
DEMO-003,actuator,13,301.848,synthetic-v1
DEMO-003,actuator,14,304.716,synthetic-v1
DEMO-003,actuator,15,306.566,synthetic-v1
DEMO-003,actuator,16,308.022,synthetic-v1
DEMO-003,actuator,17,309.902,synthetic-v1
DEMO-003,actuator,18,312.817,synthetic-v1
DEMO-003,actuator,19,316.878,synthetic-v1
DEMO-003,actuator,20,321.643,synthetic-v1
DEMO-003,actuator,21,326.33,synthetic-v1
DEMO-003,actuator,22,330.193,synthetic-v1
DEMO-003,actuator,23,332.885,synthetic-v1
DEMO-003,actuator,24,334.626,synthetic-v1
DEMO-003,actuator,25,336.095,synthetic-v1
DEMO-003,actuator,26,338.101,synthetic-v1
DEMO-003,actuator,27,341.196,synthetic-v1
DEMO-003,actuator,28,345.403,synthetic-v1
DEMO-003,actuator,29,350.21,synthetic-v1
DEMO-003,actuator,30,354.814,synthetic-v1
DEMO-003,actuator,31,358.51,synthetic-v1
DEMO-003,actuator,32,361.031,synthetic-v1
DEMO-003,actuator,33,362.681,synthetic-v1
DEMO-003,actuator,34,364.18,synthetic-v1
DEMO-003,actuator,35,366.326,synthetic-v1
DEMO-003,actuator,36,369.601,synthetic-v1
DEMO-003,actuator,37,373.942,synthetic-v1
DEMO-003,actuator,38,378.773,synthetic-v1
DEMO-003,actuator,39,383.277,synthetic-v1
DEMO-003,actuator,40,386.799,synthetic-v1
DEMO-003,actuator,41,389.157,synthetic-v1
DEMO-003,actuator,42,390.731,synthetic-v1
DEMO-003,actuator,43,392.281,synthetic-v1
DEMO-003,actuator,44,394.578,synthetic-v1
DEMO-003,actuator,45,398.031,synthetic-v1
DEMO-003,actuator,46,402.493,synthetic-v1
DEMO-003,actuator,47,407.327,synthetic-v1
DEMO-003,actuator,48,411.717,synthetic-v1
DEMO-003,actuator,49,415.062,synthetic-v1
DEMO-003,actuator,50,417.265,synthetic-v1
DEMO-003,actuator,51,418.782,synthetic-v1
DEMO-003,actuator,52,420.399,synthetic-v1
DEMO-003,actuator,53,422.857,synthetic-v1
DEMO-003,actuator,54,426.486,synthetic-v1
DEMO-003,actuator,55,431.053,synthetic-v1
DEMO-003,actuator,56,435.871,synthetic-v1
DEMO-003,actuator,57,440.132,synthetic-v1
DEMO-003,actuator,58,443.297,synthetic-v1
DEMO-003,actuator,59,445.356,synthetic-v1
DEMO-003,actuator,60,446.834,synthetic-v1
DEMO-004,apu,1,31.915,synthetic-v1
DEMO-004,apu,2,32.152,synthetic-v1
DEMO-004,apu,3,32.508,synthetic-v1
DEMO-004,apu,4,32.989,synthetic-v1
DEMO-004,apu,5,33.541,synthetic-v1
DEMO-004,apu,6,34.076,synthetic-v1
DEMO-004,apu,7,34.513,synthetic-v1
DEMO-004,apu,8,34.82,synthetic-v1
DEMO-004,apu,9,35.026,synthetic-v1
DEMO-004,apu,10,35.211,synthetic-v1
DEMO-004,apu,11,35.463,synthetic-v1
DEMO-004,apu,12,35.838,synthetic-v1
DEMO-004,apu,13,36.335,synthetic-v1
DEMO-004,apu,14,36.89,synthetic-v1
DEMO-004,apu,15,37.415,synthetic-v1
DEMO-004,apu,16,37.833,synthetic-v1
DEMO-004,apu,17,38.121,synthetic-v1
DEMO-004,apu,18,38.318,synthetic-v1
DEMO-004,apu,19,38.508,synthetic-v1
DEMO-004,apu,20,38.776,synthetic-v1
DEMO-004,apu,21,39.172,synthetic-v1
DEMO-004,apu,22,39.682,synthetic-v1
DEMO-004,apu,23,40.239,synthetic-v1
DEMO-004,apu,24,40.751,synthetic-v1
DEMO-004,apu,25,41.15,synthetic-v1
DEMO-004,apu,26,41.42,synthetic-v1
DEMO-004,apu,27,41.611,synthetic-v1
DEMO-004,apu,28,41.807,synthetic-v1
DEMO-004,apu,29,42.092,synthetic-v1
DEMO-004,apu,30,42.508,synthetic-v1
DEMO-004,apu,31,43.031,synthetic-v1
DEMO-004,apu,32,43.587,synthetic-v1
DEMO-004,apu,33,44.085,synthetic-v1
DEMO-004,apu,34,44.464,synthetic-v1
DEMO-004,apu,35,44.718,synthetic-v1
DEMO-004,apu,36,44.903,synthetic-v1
DEMO-004,apu,37,45.108,synthetic-v1
DEMO-004,apu,38,45.412,synthetic-v1
DEMO-004,apu,39,45.847,synthetic-v1
DEMO-004,apu,40,46.38,synthetic-v1
DEMO-004,apu,41,46.933,synthetic-v1
DEMO-004,apu,42,47.416,synthetic-v1
DEMO-004,apu,43,47.775,synthetic-v1
DEMO-004,apu,44,48.014,synthetic-v1
DEMO-004,apu,45,48.196,synthetic-v1
DEMO-004,apu,46,48.411,synthetic-v1
DEMO-004,apu,47,48.735,synthetic-v1
DEMO-004,apu,48,49.188,synthetic-v1
DEMO-004,apu,49,49.73,synthetic-v1
DEMO-004,apu,50,50.277,synthetic-v1
DEMO-004,apu,51,50.744,synthetic-v1
DEMO-004,apu,52,51.083,synthetic-v1
DEMO-004,apu,53,51.308,synthetic-v1
DEMO-004,apu,54,51.489,synthetic-v1
DEMO-004,apu,55,51.717,synthetic-v1
DEMO-004,apu,56,52.06,synthetic-v1
DEMO-004,apu,57,52.531,synthetic-v1
DEMO-004,apu,58,53.08,synthetic-v1
DEMO-004,apu,59,53.62,synthetic-v1
DEMO-004,apu,60,54.069,synthetic-v1
DEMO-004,brakes,1,0.0,synthetic-v1
DEMO-004,brakes,2,0.0,synthetic-v1
DEMO-004,brakes,3,0.0,synthetic-v1
DEMO-004,brakes,4,0.024,synthetic-v1
DEMO-004,brakes,5,0.186,synthetic-v1
DEMO-004,brakes,6,0.304,synthetic-v1
DEMO-004,brakes,7,0.37,synthetic-v1
DEMO-004,brakes,8,0.401,synthetic-v1
DEMO-004,brakes,9,0.431,synthetic-v1
DEMO-004,brakes,10,0.494,synthetic-v1
DEMO-004,brakes,11,0.608,synthetic-v1
DEMO-004,brakes,12,0.767,synthetic-v1
DEMO-004,brakes,13,0.943,synthetic-v1
DEMO-004,brakes,14,1.099,synthetic-v1
DEMO-004,brakes,15,1.209,synthetic-v1
DEMO-004,brakes,16,1.269,synthetic-v1
DEMO-004,brakes,17,1.297,synthetic-v1
DEMO-004,brakes,18,1.33,synthetic-v1
DEMO-004,brakes,19,1.399,synthetic-v1
DEMO-004,brakes,20,1.521,synthetic-v1
DEMO-004,brakes,21,1.685,synthetic-v1
DEMO-004,brakes,22,1.86,synthetic-v1
DEMO-004,brakes,23,2.011,synthetic-v1
DEMO-004,brakes,24,2.113,synthetic-v1
DEMO-004,brakes,25,2.166,synthetic-v1
DEMO-004,brakes,26,2.193,synthetic-v1
DEMO-004,brakes,27,2.229,synthetic-v1
DEMO-004,brakes,28,2.306,synthetic-v1
DEMO-004,brakes,29,2.436,synthetic-v1
DEMO-004,brakes,30,2.604,synthetic-v1
DEMO-004,brakes,31,2.777,synthetic-v1
DEMO-004,brakes,32,2.922,synthetic-v1
DEMO-004,brakes,33,3.016,synthetic-v1
DEMO-004,brakes,34,3.063,synthetic-v1
DEMO-004,brakes,35,3.089,synthetic-v1
DEMO-004,brakes,36,3.13,synthetic-v1
DEMO-004,brakes,37,3.215,synthetic-v1
DEMO-004,brakes,38,3.351,synthetic-v1
DEMO-004,brakes,39,3.522,synthetic-v1
DEMO-004,brakes,40,3.694,synthetic-v1
DEMO-004,brakes,41,3.831,synthetic-v1
DEMO-004,brakes,42,3.918,synthetic-v1
DEMO-004,brakes,43,3.959,synthetic-v1
DEMO-004,brakes,44,3.985,synthetic-v1
DEMO-004,brakes,45,4.031,synthetic-v1
DEMO-004,brakes,46,4.124,synthetic-v1
DEMO-004,brakes,47,4.268,synthetic-v1
DEMO-004,brakes,48,4.441,synthetic-v1
DEMO-004,brakes,49,4.609,synthetic-v1
DEMO-004,brakes,50,4.74,synthetic-v1
DEMO-004,brakes,51,4.818,synthetic-v1
DEMO-004,brakes,52,4.855,synthetic-v1
DEMO-004,brakes,53,4.882,synthetic-v1
DEMO-004,brakes,54,4.934,synthetic-v1
DEMO-004,brakes,55,5.035,synthetic-v1
DEMO-004,brakes,56,5.185,synthetic-v1
DEMO-004,brakes,57,5.36,synthetic-v1
DEMO-004,brakes,58,5.524,synthetic-v1
DEMO-004,brakes,59,5.647,synthetic-v1
DEMO-004,brakes,60,5.718,synthetic-v1
DEMO-004,hydraulic,1,2.702,synthetic-v1
DEMO-004,hydraulic,2,2.732,synthetic-v1
DEMO-004,hydraulic,3,2.774,synthetic-v1
DEMO-004,hydraulic,4,2.815,synthetic-v1
DEMO-004,hydraulic,5,2.846,synthetic-v1
DEMO-004,hydraulic,6,2.859,synthetic-v1
DEMO-004,hydraulic,7,2.857,synthetic-v1
DEMO-004,hydraulic,8,2.85,synthetic-v1
DEMO-004,hydraulic,9,2.85,synthetic-v1
DEMO-004,hydraulic,10,2.865,synthetic-v1
DEMO-004,hydraulic,11,2.897,synthetic-v1
DEMO-004,hydraulic,12,2.94,synthetic-v1
DEMO-004,hydraulic,13,2.98,synthetic-v1
DEMO-004,hydraulic,14,3.008,synthetic-v1
DEMO-004,hydraulic,15,3.018,synthetic-v1
DEMO-004,hydraulic,16,3.015,synthetic-v1
DEMO-004,hydraulic,17,3.008,synthetic-v1
DEMO-004,hydraulic,18,3.01,synthetic-v1
DEMO-004,hydraulic,19,3.028,synthetic-v1
DEMO-004,hydraulic,20,3.063,synthetic-v1
DEMO-004,hydraulic,21,3.106,synthetic-v1
DEMO-004,hydraulic,22,3.145,synthetic-v1
DEMO-004,hydraulic,23,3.17,synthetic-v1
DEMO-004,hydraulic,24,3.178,synthetic-v1
DEMO-004,hydraulic,25,3.173,synthetic-v1
DEMO-004,hydraulic,26,3.167,synthetic-v1
DEMO-004,hydraulic,27,3.171,synthetic-v1
DEMO-004,hydraulic,28,3.192,synthetic-v1
DEMO-004,hydraulic,29,3.228,synthetic-v1
DEMO-004,hydraulic,30,3.271,synthetic-v1
DEMO-004,hydraulic,31,3.309,synthetic-v1
DEMO-004,hydraulic,32,3.331,synthetic-v1
DEMO-004,hydraulic,33,3.337,synthetic-v1
DEMO-004,hydraulic,34,3.331,synthetic-v1
DEMO-004,hydraulic,35,3.326,synthetic-v1
DEMO-004,hydraulic,36,3.332,synthetic-v1
DEMO-004,hydraulic,37,3.356,synthetic-v1
DEMO-004,hydraulic,38,3.394,synthetic-v1
DEMO-004,hydraulic,39,3.437,synthetic-v1
DEMO-004,hydraulic,40,3.473,synthetic-v1
DEMO-004,hydraulic,41,3.493,synthetic-v1
DEMO-004,hydraulic,42,3.496,synthetic-v1
DEMO-004,hydraulic,43,3.49,synthetic-v1
DEMO-004,hydraulic,44,3.485,synthetic-v1
DEMO-004,hydraulic,45,3.494,synthetic-v1
DEMO-004,hydraulic,46,3.52,synthetic-v1
DEMO-004,hydraulic,47,3.56,synthetic-v1
DEMO-004,hydraulic,48,3.602,synthetic-v1
DEMO-004,hydraulic,49,3.636,synthetic-v1
DEMO-004,hydraulic,50,3.653,synthetic-v1
DEMO-004,hydraulic,51,3.655,synthetic-v1
DEMO-004,hydraulic,52,3.648,synthetic-v1
DEMO-004,hydraulic,53,3.645,synthetic-v1
DEMO-004,hydraulic,54,3.656,synthetic-v1
DEMO-004,hydraulic,55,3.685,synthetic-v1
DEMO-004,hydraulic,56,3.725,synthetic-v1
DEMO-004,hydraulic,57,3.767,synthetic-v1
DEMO-004,hydraulic,58,3.799,synthetic-v1
DEMO-004,hydraulic,59,3.814,synthetic-v1
DEMO-004,hydraulic,60,3.813,synthetic-v1
DEMO-004,pack,1,3.912,synthetic-v1
DEMO-004,pack,2,4.063,synthetic-v1
DEMO-004,pack,3,4.209,synthetic-v1
DEMO-004,pack,4,4.322,synthetic-v1
DEMO-004,pack,5,4.392,synthetic-v1
DEMO-004,pack,6,4.428,synthetic-v1
DEMO-004,pack,7,4.457,synthetic-v1
DEMO-004,pack,8,4.508,synthetic-v1
DEMO-004,pack,9,4.601,synthetic-v1
DEMO-004,pack,10,4.735,synthetic-v1
DEMO-004,pack,11,4.887,synthetic-v1
DEMO-004,pack,12,5.029,synthetic-v1
DEMO-004,pack,13,5.136,synthetic-v1
DEMO-004,pack,14,5.2,synthetic-v1
DEMO-004,pack,15,5.233,synthetic-v1
DEMO-004,pack,16,5.263,synthetic-v1
DEMO-004,pack,17,5.32,synthetic-v1
DEMO-004,pack,18,5.42,synthetic-v1
DEMO-004,pack,19,5.558,synthetic-v1
DEMO-004,pack,20,5.711,synthetic-v1
DEMO-004,pack,21,5.849,synthetic-v1
DEMO-004,pack,22,5.949,synthetic-v1
DEMO-004,pack,23,6.007,synthetic-v1
DEMO-004,pack,24,6.038,synthetic-v1
DEMO-004,pack,25,6.071,synthetic-v1
DEMO-004,pack,26,6.133,synthetic-v1
DEMO-004,pack,27,6.24,synthetic-v1
DEMO-004,pack,28,6.381,synthetic-v1
DEMO-004,pack,29,6.534,synthetic-v1
DEMO-004,pack,30,6.668,synthetic-v1
DEMO-004,pack,31,6.761,synthetic-v1
DEMO-004,pack,32,6.813,synthetic-v1
DEMO-004,pack,33,6.843,synthetic-v1
DEMO-004,pack,34,6.878,synthetic-v1
DEMO-004,pack,35,6.948,synthetic-v1
DEMO-004,pack,36,7.06,synthetic-v1
DEMO-004,pack,37,7.205,synthetic-v1
DEMO-004,pack,38,7.357,synthetic-v1
DEMO-004,pack,39,7.486,synthetic-v1
DEMO-004,pack,40,7.572,synthetic-v1
DEMO-004,pack,41,7.619,synthetic-v1
DEMO-004,pack,42,7.648,synthetic-v1
DEMO-004,pack,43,7.687,synthetic-v1
DEMO-004,pack,44,7.763,synthetic-v1
DEMO-004,pack,45,7.881,synthetic-v1
DEMO-004,pack,46,8.029,synthetic-v1
DEMO-004,pack,47,8.179,synthetic-v1
DEMO-004,pack,48,8.302,synthetic-v1
DEMO-004,pack,49,8.383,synthetic-v1
DEMO-004,pack,50,8.425,synthetic-v1
DEMO-004,pack,51,8.453,synthetic-v1
DEMO-004,pack,52,8.497,synthetic-v1
DEMO-004,pack,53,8.579,synthetic-v1
DEMO-004,pack,54,8.703,synthetic-v1
DEMO-004,pack,55,8.854,synthetic-v1
DEMO-004,pack,56,9.001,synthetic-v1
DEMO-004,pack,57,9.118,synthetic-v1
DEMO-004,pack,58,9.192,synthetic-v1
DEMO-004,pack,59,9.23,synthetic-v1
DEMO-004,pack,60,9.259,synthetic-v1
DEMO-004,actuator,1,216.422,synthetic-v1
DEMO-004,actuator,2,219.463,synthetic-v1
DEMO-004,actuator,3,221.87,synthetic-v1
DEMO-004,actuator,4,223.151,synthetic-v1
DEMO-004,actuator,5,223.36,synthetic-v1
DEMO-004,actuator,6,223.068,synthetic-v1
DEMO-004,actuator,7,223.087,synthetic-v1
DEMO-004,actuator,8,224.081,synthetic-v1
DEMO-004,actuator,9,226.241,synthetic-v1
DEMO-004,actuator,10,229.195,synthetic-v1
DEMO-004,actuator,11,232.188,synthetic-v1
DEMO-004,actuator,12,234.445,synthetic-v1
DEMO-004,actuator,13,235.547,synthetic-v1
DEMO-004,actuator,14,235.634,synthetic-v1
DEMO-004,actuator,15,235.336,synthetic-v1
DEMO-004,actuator,16,235.468,synthetic-v1
DEMO-004,actuator,17,236.64,synthetic-v1
DEMO-004,actuator,18,238.956,synthetic-v1
DEMO-004,actuator,19,241.969,synthetic-v1
DEMO-004,actuator,20,244.896,synthetic-v1
DEMO-004,actuator,21,246.993,synthetic-v1
DEMO-004,actuator,22,247.92,synthetic-v1
DEMO-004,actuator,23,247.9,synthetic-v1
DEMO-004,actuator,24,247.615,synthetic-v1
DEMO-004,actuator,25,247.874,synthetic-v1
DEMO-004,actuator,26,249.225,synthetic-v1
DEMO-004,actuator,27,251.687,synthetic-v1
DEMO-004,actuator,28,254.741,synthetic-v1
DEMO-004,actuator,29,257.584,synthetic-v1
DEMO-004,actuator,30,259.514,synthetic-v1
DEMO-004,actuator,31,260.27,synthetic-v1
DEMO-004,actuator,32,260.159,synthetic-v1
DEMO-004,actuator,33,259.906,synthetic-v1
DEMO-004,actuator,34,260.306,synthetic-v1
DEMO-004,actuator,35,261.837,synthetic-v1
DEMO-004,actuator,36,264.432,synthetic-v1
DEMO-004,actuator,37,267.508,synthetic-v1
DEMO-004,actuator,38,270.251,synthetic-v1
DEMO-004,actuator,39,272.007,synthetic-v1
DEMO-004,actuator,40,272.599,synthetic-v1
DEMO-004,actuator,41,272.414,synthetic-v1
DEMO-004,actuator,42,272.213,synthetic-v1
DEMO-004,actuator,43,272.764,synthetic-v1
DEMO-004,actuator,44,274.474,synthetic-v1
DEMO-004,actuator,45,277.189,synthetic-v1
DEMO-004,actuator,46,280.267,synthetic-v1
DEMO-004,actuator,47,282.894,synthetic-v1
DEMO-004,actuator,48,284.472,synthetic-v1
DEMO-004,actuator,49,284.911,synthetic-v1
DEMO-004,actuator,50,284.67,synthetic-v1
DEMO-004,actuator,51,284.537,synthetic-v1
DEMO-004,actuator,52,285.25,synthetic-v1
DEMO-004,actuator,53,287.135,synthetic-v1
DEMO-004,actuator,54,289.954,synthetic-v1
DEMO-004,actuator,55,293.015,synthetic-v1
DEMO-004,actuator,56,295.513,synthetic-v1
DEMO-004,actuator,57,296.911,synthetic-v1
DEMO-004,actuator,58,297.206,synthetic-v1
DEMO-004,actuator,59,296.927,synthetic-v1
DEMO-004,actuator,60,296.882,synthetic-v1
DEMO-005,apu,1,26.764,synthetic-v1
DEMO-005,apu,2,27.003,synthetic-v1
DEMO-005,apu,3,27.341,synthetic-v1
DEMO-005,apu,4,27.699,synthetic-v1
DEMO-005,apu,5,27.988,synthetic-v1
DEMO-005,apu,6,28.152,synthetic-v1
DEMO-005,apu,7,28.197,synthetic-v1
DEMO-005,apu,8,28.184,synthetic-v1
DEMO-005,apu,9,28.204,synthetic-v1
DEMO-005,apu,10,28.331,synthetic-v1
DEMO-005,apu,11,28.589,synthetic-v1
DEMO-005,apu,12,28.935,synthetic-v1
DEMO-005,apu,13,29.288,synthetic-v1
DEMO-005,apu,14,29.561,synthetic-v1
DEMO-005,apu,15,29.705,synthetic-v1
DEMO-005,apu,16,29.736,synthetic-v1
DEMO-005,apu,17,29.722,synthetic-v1
DEMO-005,apu,18,29.755,synthetic-v1
DEMO-005,apu,19,29.902,synthetic-v1
DEMO-005,apu,20,30.177,synthetic-v1
DEMO-005,apu,21,30.53,synthetic-v1
DEMO-005,apu,22,30.876,synthetic-v1
DEMO-005,apu,23,31.131,synthetic-v1
DEMO-005,apu,24,31.256,synthetic-v1
DEMO-005,apu,25,31.274,synthetic-v1
DEMO-005,apu,26,31.262,synthetic-v1
DEMO-005,apu,27,31.308,synthetic-v1
DEMO-005,apu,28,31.476,synthetic-v1
DEMO-005,apu,29,31.767,synthetic-v1
DEMO-005,apu,30,32.125,synthetic-v1
DEMO-005,apu,31,32.462,synthetic-v1
DEMO-005,apu,32,32.698,synthetic-v1
DEMO-005,apu,33,32.804,synthetic-v1
DEMO-005,apu,34,32.812,synthetic-v1
DEMO-005,apu,35,32.803,synthetic-v1
DEMO-005,apu,36,32.865,synthetic-v1
DEMO-005,apu,37,33.052,synthetic-v1
DEMO-005,apu,38,33.358,synthetic-v1
DEMO-005,apu,39,33.719,synthetic-v1
DEMO-005,apu,40,34.045,synthetic-v1
DEMO-005,apu,41,34.262,synthetic-v1
DEMO-005,apu,42,34.35,synthetic-v1
DEMO-005,apu,43,34.349,synthetic-v1
DEMO-005,apu,44,34.346,synthetic-v1
DEMO-005,apu,45,34.424,synthetic-v1
DEMO-005,apu,46,34.631,synthetic-v1
DEMO-005,apu,47,34.951,synthetic-v1
DEMO-005,apu,48,35.312,synthetic-v1
DEMO-005,apu,49,35.626,synthetic-v1
DEMO-005,apu,50,35.823,synthetic-v1
DEMO-005,apu,51,35.893,synthetic-v1
DEMO-005,apu,52,35.887,synthetic-v1
DEMO-005,apu,53,35.89,synthetic-v1
DEMO-005,apu,54,35.987,synthetic-v1
DEMO-005,apu,55,36.213,synthetic-v1
DEMO-005,apu,56,36.544,synthetic-v1
DEMO-005,apu,57,36.905,synthetic-v1
DEMO-005,apu,58,37.203,synthetic-v1
DEMO-005,apu,59,37.381,synthetic-v1
DEMO-005,apu,60,37.435,synthetic-v1
DEMO-005,brakes,1,0.254,synthetic-v1
DEMO-005,brakes,2,0.431,synthetic-v1
DEMO-005,brakes,3,0.63,synthetic-v1
DEMO-005,brakes,4,0.815,synthetic-v1
DEMO-005,brakes,5,0.956,synthetic-v1
DEMO-005,brakes,6,1.045,synthetic-v1
DEMO-005,brakes,7,1.1,synthetic-v1
DEMO-005,brakes,8,1.153,synthetic-v1
DEMO-005,brakes,9,1.239,synthetic-v1
DEMO-005,brakes,10,1.377,synthetic-v1
DEMO-005,brakes,11,1.56,synthetic-v1
DEMO-005,brakes,12,1.759,synthetic-v1
DEMO-005,brakes,13,1.939,synthetic-v1
DEMO-005,brakes,14,2.072,synthetic-v1
DEMO-005,brakes,15,2.154,synthetic-v1
DEMO-005,brakes,16,2.206,synthetic-v1
DEMO-005,brakes,17,2.262,synthetic-v1
DEMO-005,brakes,18,2.356,synthetic-v1
DEMO-005,brakes,19,2.501,synthetic-v1
DEMO-005,brakes,20,2.689,synthetic-v1
DEMO-005,brakes,21,2.887,synthetic-v1
DEMO-005,brakes,22,3.061,synthetic-v1
DEMO-005,brakes,23,3.186,synthetic-v1
DEMO-005,brakes,24,3.262,synthetic-v1
DEMO-005,brakes,25,3.312,synthetic-v1
DEMO-005,brakes,26,3.372,synthetic-v1
DEMO-005,brakes,27,3.473,synthetic-v1
DEMO-005,brakes,28,3.627,synthetic-v1
DEMO-005,brakes,29,3.818,synthetic-v1
DEMO-005,brakes,30,4.015,synthetic-v1
DEMO-005,brakes,31,4.183,synthetic-v1
DEMO-005,brakes,32,4.3,synthetic-v1
DEMO-005,brakes,33,4.37,synthetic-v1
DEMO-005,brakes,34,4.419,synthetic-v1
DEMO-005,brakes,35,4.484,synthetic-v1
DEMO-005,brakes,36,4.592,synthetic-v1
DEMO-005,brakes,37,4.753,synthetic-v1
DEMO-005,brakes,38,4.947,synthetic-v1
DEMO-005,brakes,39,5.142,synthetic-v1
DEMO-005,brakes,40,5.303,synthetic-v1
DEMO-005,brakes,41,5.412,synthetic-v1
DEMO-005,brakes,42,5.477,synthetic-v1
DEMO-005,brakes,43,5.526,synthetic-v1
DEMO-005,brakes,44,5.596,synthetic-v1
DEMO-005,brakes,45,5.713,synthetic-v1
DEMO-005,brakes,46,5.88,synthetic-v1
DEMO-005,brakes,47,6.077,synthetic-v1
DEMO-005,brakes,48,6.268,synthetic-v1
DEMO-005,brakes,49,6.422,synthetic-v1
DEMO-005,brakes,50,6.523,synthetic-v1
DEMO-005,brakes,51,6.583,synthetic-v1
DEMO-005,brakes,52,6.633,synthetic-v1
DEMO-005,brakes,53,6.709,synthetic-v1
DEMO-005,brakes,54,6.834,synthetic-v1
DEMO-005,brakes,55,7.007,synthetic-v1
DEMO-005,brakes,56,7.206,synthetic-v1
DEMO-005,brakes,57,7.393,synthetic-v1
DEMO-005,brakes,58,7.539,synthetic-v1
DEMO-005,brakes,59,7.633,synthetic-v1
DEMO-005,brakes,60,7.69,synthetic-v1
DEMO-005,hydraulic,1,2.934,synthetic-v1
DEMO-005,hydraulic,2,2.984,synthetic-v1
DEMO-005,hydraulic,3,3.033,synthetic-v1
DEMO-005,hydraulic,4,3.071,synthetic-v1
DEMO-005,hydraulic,5,3.091,synthetic-v1
DEMO-005,hydraulic,6,3.097,synthetic-v1
DEMO-005,hydraulic,7,3.098,synthetic-v1
DEMO-005,hydraulic,8,3.106,synthetic-v1
DEMO-005,hydraulic,9,3.129,synthetic-v1
DEMO-005,hydraulic,10,3.17,synthetic-v1
DEMO-005,hydraulic,11,3.22,synthetic-v1
DEMO-005,hydraulic,12,3.268,synthetic-v1
DEMO-005,hydraulic,13,3.303,synthetic-v1
DEMO-005,hydraulic,14,3.321,synthetic-v1
DEMO-005,hydraulic,15,3.326,synthetic-v1
DEMO-005,hydraulic,16,3.327,synthetic-v1
DEMO-005,hydraulic,17,3.337,synthetic-v1
DEMO-005,hydraulic,18,3.363,synthetic-v1
DEMO-005,hydraulic,19,3.405,synthetic-v1
DEMO-005,hydraulic,20,3.456,synthetic-v1
DEMO-005,hydraulic,21,3.503,synthetic-v1
DEMO-005,hydraulic,22,3.536,synthetic-v1
DEMO-005,hydraulic,23,3.551,synthetic-v1
DEMO-005,hydraulic,24,3.554,synthetic-v1
DEMO-005,hydraulic,25,3.556,synthetic-v1
DEMO-005,hydraulic,26,3.568,synthetic-v1
DEMO-005,hydraulic,27,3.597,synthetic-v1
DEMO-005,hydraulic,28,3.641,synthetic-v1
DEMO-005,hydraulic,29,3.692,synthetic-v1
DEMO-005,hydraulic,30,3.737,synthetic-v1
DEMO-005,hydraulic,31,3.767,synthetic-v1
DEMO-005,hydraulic,32,3.78,synthetic-v1
DEMO-005,hydraulic,33,3.783,synthetic-v1
DEMO-005,hydraulic,34,3.785,synthetic-v1
DEMO-005,hydraulic,35,3.799,synthetic-v1
DEMO-005,hydraulic,36,3.831,synthetic-v1
DEMO-005,hydraulic,37,3.877,synthetic-v1
DEMO-005,hydraulic,38,3.927,synthetic-v1
DEMO-005,hydraulic,39,3.971,synthetic-v1
DEMO-005,hydraulic,40,3.999,synthetic-v1
DEMO-005,hydraulic,41,4.01,synthetic-v1
DEMO-005,hydraulic,42,4.011,synthetic-v1
DEMO-005,hydraulic,43,4.015,synthetic-v1
DEMO-005,hydraulic,44,4.031,synthetic-v1
DEMO-005,hydraulic,45,4.065,synthetic-v1
DEMO-005,hydraulic,46,4.113,synthetic-v1
DEMO-005,hydraulic,47,4.163,synthetic-v1
DEMO-005,hydraulic,48,4.205,synthetic-v1
DEMO-005,hydraulic,49,4.23,synthetic-v1
DEMO-005,hydraulic,50,4.238,synthetic-v1
DEMO-005,hydraulic,51,4.239,synthetic-v1
DEMO-005,hydraulic,52,4.244,synthetic-v1
DEMO-005,hydraulic,53,4.264,synthetic-v1
DEMO-005,hydraulic,54,4.3,synthetic-v1
DEMO-005,hydraulic,55,4.349,synthetic-v1
DEMO-005,hydraulic,56,4.398,synthetic-v1
DEMO-005,hydraulic,57,4.438,synthetic-v1
DEMO-005,hydraulic,58,4.46,synthetic-v1
DEMO-005,hydraulic,59,4.467,synthetic-v1
DEMO-005,hydraulic,60,4.468,synthetic-v1
DEMO-005,pack,1,0.0,synthetic-v1
DEMO-005,pack,2,0.0,synthetic-v1
DEMO-005,pack,3,0.0,synthetic-v1
DEMO-005,pack,4,0.0,synthetic-v1
DEMO-005,pack,5,0.0,synthetic-v1
DEMO-005,pack,6,0.0,synthetic-v1
DEMO-005,pack,7,0.0,synthetic-v1
DEMO-005,pack,8,0.0,synthetic-v1
DEMO-005,pack,9,0.0,synthetic-v1
DEMO-005,pack,10,0.0,synthetic-v1
DEMO-005,pack,11,0.0,synthetic-v1
DEMO-005,pack,12,0.0,synthetic-v1
DEMO-005,pack,13,0.0,synthetic-v1
DEMO-005,pack,14,0.0,synthetic-v1
DEMO-005,pack,15,0.0,synthetic-v1
DEMO-005,pack,16,0.0,synthetic-v1
DEMO-005,pack,17,0.0,synthetic-v1
DEMO-005,pack,18,0.0,synthetic-v1
DEMO-005,pack,19,0.0,synthetic-v1
DEMO-005,pack,20,0.0,synthetic-v1
DEMO-005,pack,21,0.0,synthetic-v1
DEMO-005,pack,22,0.0,synthetic-v1
DEMO-005,pack,23,0.0,synthetic-v1
DEMO-005,pack,24,0.0,synthetic-v1
DEMO-005,pack,25,0.0,synthetic-v1
DEMO-005,pack,26,0.0,synthetic-v1
DEMO-005,pack,27,0.148,synthetic-v1
DEMO-005,pack,28,0.32,synthetic-v1
DEMO-005,pack,29,0.473,synthetic-v1
DEMO-005,pack,30,0.586,synthetic-v1
DEMO-005,pack,31,0.657,synthetic-v1
DEMO-005,pack,32,0.705,synthetic-v1
DEMO-005,pack,33,0.761,synthetic-v1
DEMO-005,pack,34,0.85,synthetic-v1
DEMO-005,pack,35,0.982,synthetic-v1
DEMO-005,pack,36,1.148,synthetic-v1
DEMO-005,pack,37,1.319,synthetic-v1
DEMO-005,pack,38,1.466,synthetic-v1
DEMO-005,pack,39,1.572,synthetic-v1
DEMO-005,pack,40,1.638,synthetic-v1
DEMO-005,pack,41,1.686,synthetic-v1
DEMO-005,pack,42,1.745,synthetic-v1
DEMO-005,pack,43,1.841,synthetic-v1
DEMO-005,pack,44,1.979,synthetic-v1
DEMO-005,pack,45,2.147,synthetic-v1
DEMO-005,pack,46,2.316,synthetic-v1
DEMO-005,pack,47,2.458,synthetic-v1
DEMO-005,pack,48,2.558,synthetic-v1
DEMO-005,pack,49,2.619,synthetic-v1
DEMO-005,pack,50,2.667,synthetic-v1
DEMO-005,pack,51,2.73,synthetic-v1
DEMO-005,pack,52,2.832,synthetic-v1
DEMO-005,pack,53,2.977,synthetic-v1
DEMO-005,pack,54,3.147,synthetic-v1
DEMO-005,pack,55,3.314,synthetic-v1
DEMO-005,pack,56,3.45,synthetic-v1
DEMO-005,pack,57,3.543,synthetic-v1
DEMO-005,pack,58,3.6,synthetic-v1
DEMO-005,pack,59,3.648,synthetic-v1
DEMO-005,pack,60,3.716,synthetic-v1
DEMO-005,actuator,1,232.923,synthetic-v1
DEMO-005,actuator,2,235.847,synthetic-v1
DEMO-005,actuator,3,237.643,synthetic-v1
DEMO-005,actuator,4,238.371,synthetic-v1
DEMO-005,actuator,5,238.604,synthetic-v1
DEMO-005,actuator,6,239.156,synthetic-v1
DEMO-005,actuator,7,240.688,synthetic-v1
DEMO-005,actuator,8,243.385,synthetic-v1
DEMO-005,actuator,9,246.87,synthetic-v1
DEMO-005,actuator,10,250.386,synthetic-v1
DEMO-005,actuator,11,253.159,synthetic-v1
DEMO-005,actuator,12,254.777,synthetic-v1
DEMO-005,actuator,13,255.383,synthetic-v1
DEMO-005,actuator,14,255.611,synthetic-v1
DEMO-005,actuator,15,256.278,synthetic-v1
DEMO-005,actuator,16,257.987,synthetic-v1
DEMO-005,actuator,17,260.839,synthetic-v1
DEMO-005,actuator,18,264.382,synthetic-v1
DEMO-005,actuator,19,267.831,synthetic-v1
DEMO-005,actuator,20,270.444,synthetic-v1
DEMO-005,actuator,21,271.886,synthetic-v1
DEMO-005,actuator,22,272.386,synthetic-v1
DEMO-005,actuator,23,272.629,synthetic-v1
DEMO-005,actuator,24,273.424,synthetic-v1
DEMO-005,actuator,25,275.313,synthetic-v1
DEMO-005,actuator,26,278.31,synthetic-v1
DEMO-005,actuator,27,281.892,synthetic-v1
DEMO-005,actuator,28,285.256,synthetic-v1
DEMO-005,actuator,29,287.701,synthetic-v1
DEMO-005,actuator,30,288.973,synthetic-v1
DEMO-005,actuator,31,289.383,synthetic-v1
DEMO-005,actuator,32,289.66,synthetic-v1
DEMO-005,actuator,33,290.596,synthetic-v1
DEMO-005,actuator,34,292.665,synthetic-v1
DEMO-005,actuator,35,295.794,synthetic-v1
DEMO-005,actuator,36,299.397,synthetic-v1
DEMO-005,actuator,37,302.66,synthetic-v1
DEMO-005,actuator,38,304.931,synthetic-v1
DEMO-005,actuator,39,306.04,synthetic-v1
DEMO-005,actuator,40,306.377,synthetic-v1
DEMO-005,actuator,41,306.706,synthetic-v1
DEMO-005,actuator,42,307.794,synthetic-v1
DEMO-005,actuator,43,310.042,synthetic-v1
DEMO-005,actuator,44,313.29,synthetic-v1
DEMO-005,actuator,45,316.894,synthetic-v1
DEMO-005,actuator,46,320.04,synthetic-v1
DEMO-005,actuator,47,322.133,synthetic-v1
DEMO-005,actuator,48,323.089,synthetic-v1
DEMO-005,actuator,49,323.371,synthetic-v1
DEMO-005,actuator,50,323.77,synthetic-v1
DEMO-005,actuator,51,325.02,synthetic-v1
DEMO-005,actuator,52,327.443,synthetic-v1
DEMO-005,actuator,53,330.794,synthetic-v1
DEMO-005,actuator,54,334.38,synthetic-v1
DEMO-005,actuator,55,337.395,synthetic-v1
DEMO-005,actuator,56,339.308,synthetic-v1
DEMO-005,actuator,57,340.121,synthetic-v1
DEMO-005,actuator,58,340.368,synthetic-v1
DEMO-005,actuator,59,340.855,synthetic-v1
DEMO-005,actuator,60,342.274,synthetic-v1
DEMO-006,apu,1,28.479,synthetic-v1
DEMO-006,apu,2,28.876,synthetic-v1
DEMO-006,apu,3,29.292,synthetic-v1
DEMO-006,apu,4,29.638,synthetic-v1
DEMO-006,apu,5,29.86,synthetic-v1
DEMO-006,apu,6,29.962,synthetic-v1
DEMO-006,apu,7,30.008,synthetic-v1
DEMO-006,apu,8,30.087,synthetic-v1
DEMO-006,apu,9,30.274,synthetic-v1
DEMO-006,apu,10,30.591,synthetic-v1
DEMO-006,apu,11,30.997,synthetic-v1
DEMO-006,apu,12,31.408,synthetic-v1
DEMO-006,apu,13,31.738,synthetic-v1
DEMO-006,apu,14,31.939,synthetic-v1
DEMO-006,apu,15,32.028,synthetic-v1
DEMO-006,apu,16,32.073,synthetic-v1
DEMO-006,apu,17,32.165,synthetic-v1
DEMO-006,apu,18,32.371,synthetic-v1
DEMO-006,apu,19,32.706,synthetic-v1
DEMO-006,apu,20,33.118,synthetic-v1
DEMO-006,apu,21,33.522,synthetic-v1
DEMO-006,apu,22,33.834,synthetic-v1
DEMO-006,apu,23,34.016,synthetic-v1
DEMO-006,apu,24,34.093,synthetic-v1
DEMO-006,apu,25,34.139,synthetic-v1
DEMO-006,apu,26,34.245,synthetic-v1
DEMO-006,apu,27,34.472,synthetic-v1
DEMO-006,apu,28,34.822,synthetic-v1
DEMO-006,apu,29,35.239,synthetic-v1
DEMO-006,apu,30,35.634,synthetic-v1
DEMO-006,apu,31,35.927,synthetic-v1
DEMO-006,apu,32,36.091,synthetic-v1
DEMO-006,apu,33,36.157,synthetic-v1
DEMO-006,apu,34,36.206,synthetic-v1
DEMO-006,apu,35,36.328,synthetic-v1
DEMO-006,apu,36,36.575,synthetic-v1
DEMO-006,apu,37,36.94,synthetic-v1
DEMO-006,apu,38,37.36,synthetic-v1
DEMO-006,apu,39,37.743,synthetic-v1
DEMO-006,apu,40,38.018,synthetic-v1
DEMO-006,apu,41,38.163,synthetic-v1
DEMO-006,apu,42,38.221,synthetic-v1
DEMO-006,apu,43,38.276,synthetic-v1
DEMO-006,apu,44,38.414,synthetic-v1
DEMO-006,apu,45,38.681,synthetic-v1
DEMO-006,apu,46,39.059,synthetic-v1
DEMO-006,apu,47,39.48,synthetic-v1
DEMO-006,apu,48,39.85,synthetic-v1
DEMO-006,apu,49,40.105,synthetic-v1
DEMO-006,apu,50,40.233,synthetic-v1
DEMO-006,apu,51,40.284,synthetic-v1
DEMO-006,apu,52,40.347,synthetic-v1
DEMO-006,apu,53,40.503,synthetic-v1
DEMO-006,apu,54,40.789,synthetic-v1
DEMO-006,apu,55,41.18,synthetic-v1
DEMO-006,apu,56,41.598,synthetic-v1
DEMO-006,apu,57,41.955,synthetic-v1
DEMO-006,apu,58,42.189,synthetic-v1
DEMO-006,apu,59,42.301,synthetic-v1
DEMO-006,apu,60,42.348,synthetic-v1
DEMO-006,brakes,1,0.967,synthetic-v1
DEMO-006,brakes,2,1.19,synthetic-v1
DEMO-006,brakes,3,1.398,synthetic-v1
DEMO-006,brakes,4,1.561,synthetic-v1
DEMO-006,brakes,5,1.674,synthetic-v1
DEMO-006,brakes,6,1.751,synthetic-v1
DEMO-006,brakes,7,1.828,synthetic-v1
DEMO-006,brakes,8,1.938,synthetic-v1
DEMO-006,brakes,9,2.1,synthetic-v1
DEMO-006,brakes,10,2.306,synthetic-v1
DEMO-006,brakes,11,2.529,synthetic-v1
DEMO-006,brakes,12,2.732,synthetic-v1
DEMO-006,brakes,13,2.888,synthetic-v1
DEMO-006,brakes,14,2.993,synthetic-v1
DEMO-006,brakes,15,3.068,synthetic-v1
DEMO-006,brakes,16,3.148,synthetic-v1
DEMO-006,brakes,17,3.265,synthetic-v1
DEMO-006,brakes,18,3.435,synthetic-v1
DEMO-006,brakes,19,3.646,synthetic-v1
DEMO-006,brakes,20,3.868,synthetic-v1
DEMO-006,brakes,21,4.065,synthetic-v1
DEMO-006,brakes,22,4.213,synthetic-v1
DEMO-006,brakes,23,4.312,synthetic-v1
DEMO-006,brakes,24,4.385,synthetic-v1
DEMO-006,brakes,25,4.469,synthetic-v1
DEMO-006,brakes,26,4.594,synthetic-v1
DEMO-006,brakes,27,4.771,synthetic-v1
DEMO-006,brakes,28,4.986,synthetic-v1
DEMO-006,brakes,29,5.206,synthetic-v1
DEMO-006,brakes,30,5.397,synthetic-v1
DEMO-006,brakes,31,5.537,synthetic-v1
DEMO-006,brakes,32,5.63,synthetic-v1
DEMO-006,brakes,33,5.702,synthetic-v1
DEMO-006,brakes,34,5.791,synthetic-v1
DEMO-006,brakes,35,5.923,synthetic-v1
DEMO-006,brakes,36,6.108,synthetic-v1
DEMO-006,brakes,37,6.326,synthetic-v1
DEMO-006,brakes,38,6.544,synthetic-v1
DEMO-006,brakes,39,6.727,synthetic-v1
DEMO-006,brakes,40,6.859,synthetic-v1
DEMO-006,brakes,41,6.947,synthetic-v1
DEMO-006,brakes,42,7.02,synthetic-v1
DEMO-006,brakes,43,7.113,synthetic-v1
DEMO-006,brakes,44,7.254,synthetic-v1
DEMO-006,brakes,45,7.445,synthetic-v1
DEMO-006,brakes,46,7.666,synthetic-v1
DEMO-006,brakes,47,7.88,synthetic-v1
DEMO-006,brakes,48,8.057,synthetic-v1
DEMO-006,brakes,49,8.181,synthetic-v1
DEMO-006,brakes,50,8.264,synthetic-v1
DEMO-006,brakes,51,8.338,synthetic-v1
DEMO-006,brakes,52,8.437,synthetic-v1
DEMO-006,brakes,53,8.586,synthetic-v1
DEMO-006,brakes,54,8.783,synthetic-v1
DEMO-006,brakes,55,9.005,synthetic-v1
DEMO-006,brakes,56,9.216,synthetic-v1
DEMO-006,brakes,57,9.385,synthetic-v1
DEMO-006,brakes,58,9.502,synthetic-v1
DEMO-006,brakes,59,9.581,synthetic-v1
DEMO-006,brakes,60,9.657,synthetic-v1
DEMO-006,hydraulic,1,1.0,synthetic-v1
DEMO-006,hydraulic,2,1.0,synthetic-v1
DEMO-006,hydraulic,3,1.0,synthetic-v1
DEMO-006,hydraulic,4,1.0,synthetic-v1
DEMO-006,hydraulic,5,1.0,synthetic-v1
DEMO-006,hydraulic,6,1.0,synthetic-v1
DEMO-006,hydraulic,7,1.0,synthetic-v1
DEMO-006,hydraulic,8,1.0,synthetic-v1
DEMO-006,hydraulic,9,1.0,synthetic-v1
DEMO-006,hydraulic,10,1.0,synthetic-v1
DEMO-006,hydraulic,11,1.0,synthetic-v1
DEMO-006,hydraulic,12,1.0,synthetic-v1
DEMO-006,hydraulic,13,1.0,synthetic-v1
DEMO-006,hydraulic,14,1.0,synthetic-v1
DEMO-006,hydraulic,15,1.0,synthetic-v1
DEMO-006,hydraulic,16,1.0,synthetic-v1
DEMO-006,hydraulic,17,1.0,synthetic-v1
DEMO-006,hydraulic,18,1.0,synthetic-v1
DEMO-006,hydraulic,19,1.0,synthetic-v1
DEMO-006,hydraulic,20,1.0,synthetic-v1
DEMO-006,hydraulic,21,1.001,synthetic-v1
DEMO-006,hydraulic,22,1.016,synthetic-v1
DEMO-006,hydraulic,23,1.025,synthetic-v1
DEMO-006,hydraulic,24,1.039,synthetic-v1
DEMO-006,hydraulic,25,1.069,synthetic-v1
DEMO-006,hydraulic,26,1.115,synthetic-v1
DEMO-006,hydraulic,27,1.173,synthetic-v1
DEMO-006,hydraulic,28,1.229,synthetic-v1
DEMO-006,hydraulic,29,1.274,synthetic-v1
DEMO-006,hydraulic,30,1.302,synthetic-v1
DEMO-006,hydraulic,31,1.315,synthetic-v1
DEMO-006,hydraulic,32,1.324,synthetic-v1
DEMO-006,hydraulic,33,1.34,synthetic-v1
DEMO-006,hydraulic,34,1.372,synthetic-v1
DEMO-006,hydraulic,35,1.421,synthetic-v1
DEMO-006,hydraulic,36,1.479,synthetic-v1
DEMO-006,hydraulic,37,1.534,synthetic-v1
DEMO-006,hydraulic,38,1.577,synthetic-v1
DEMO-006,hydraulic,39,1.602,synthetic-v1
DEMO-006,hydraulic,40,1.614,synthetic-v1
DEMO-006,hydraulic,41,1.623,synthetic-v1
DEMO-006,hydraulic,42,1.641,synthetic-v1
DEMO-006,hydraulic,43,1.676,synthetic-v1
DEMO-006,hydraulic,44,1.726,synthetic-v1
DEMO-006,hydraulic,45,1.785,synthetic-v1
DEMO-006,hydraulic,46,1.839,synthetic-v1
DEMO-006,hydraulic,47,1.879,synthetic-v1
DEMO-006,hydraulic,48,1.902,synthetic-v1
DEMO-006,hydraulic,49,1.912,synthetic-v1
DEMO-006,hydraulic,50,1.922,synthetic-v1
DEMO-006,hydraulic,51,1.942,synthetic-v1
DEMO-006,hydraulic,52,1.98,synthetic-v1
DEMO-006,hydraulic,53,2.032,synthetic-v1
DEMO-006,hydraulic,54,2.091,synthetic-v1
DEMO-006,hydraulic,55,2.144,synthetic-v1
DEMO-006,hydraulic,56,2.181,synthetic-v1
DEMO-006,hydraulic,57,2.201,synthetic-v1
DEMO-006,hydraulic,58,2.211,synthetic-v1
DEMO-006,hydraulic,59,2.221,synthetic-v1
DEMO-006,hydraulic,60,2.244,synthetic-v1
DEMO-006,pack,1,2.913,synthetic-v1
DEMO-006,pack,2,2.98,synthetic-v1
DEMO-006,pack,3,3.003,synthetic-v1
DEMO-006,pack,4,2.994,synthetic-v1
DEMO-006,pack,5,2.977,synthetic-v1
DEMO-006,pack,6,2.984,synthetic-v1
DEMO-006,pack,7,3.032,synthetic-v1
DEMO-006,pack,8,3.121,synthetic-v1
DEMO-006,pack,9,3.228,synthetic-v1
DEMO-006,pack,10,3.324,synthetic-v1
DEMO-006,pack,11,3.384,synthetic-v1
DEMO-006,pack,12,3.402,synthetic-v1
DEMO-006,pack,13,3.389,synthetic-v1
DEMO-006,pack,14,3.374,synthetic-v1
DEMO-006,pack,15,3.387,synthetic-v1
DEMO-006,pack,16,3.442,synthetic-v1
DEMO-006,pack,17,3.534,synthetic-v1
DEMO-006,pack,18,3.642,synthetic-v1
DEMO-006,pack,19,3.734,synthetic-v1
DEMO-006,pack,20,3.788,synthetic-v1
DEMO-006,pack,21,3.799,synthetic-v1
DEMO-006,pack,22,3.784,synthetic-v1
DEMO-006,pack,23,3.772,synthetic-v1
DEMO-006,pack,24,3.79,synthetic-v1
DEMO-006,pack,25,3.852,synthetic-v1
DEMO-006,pack,26,3.949,synthetic-v1
DEMO-006,pack,27,4.056,synthetic-v1
DEMO-006,pack,28,4.143,synthetic-v1
DEMO-006,pack,29,4.19,synthetic-v1
DEMO-006,pack,30,4.196,synthetic-v1
DEMO-006,pack,31,4.18,synthetic-v1
DEMO-006,pack,32,4.171,synthetic-v1
DEMO-006,pack,33,4.195,synthetic-v1
DEMO-006,pack,34,4.263,synthetic-v1
DEMO-006,pack,35,4.363,synthetic-v1
DEMO-006,pack,36,4.469,synthetic-v1
DEMO-006,pack,37,4.551,synthetic-v1
DEMO-006,pack,38,4.592,synthetic-v1
DEMO-006,pack,39,4.593,synthetic-v1
DEMO-006,pack,40,4.575,synthetic-v1
DEMO-006,pack,41,4.57,synthetic-v1
DEMO-006,pack,42,4.601,synthetic-v1
DEMO-006,pack,43,4.675,synthetic-v1
DEMO-006,pack,44,4.778,synthetic-v1
DEMO-006,pack,45,4.882,synthetic-v1
DEMO-006,pack,46,4.959,synthetic-v1
DEMO-006,pack,47,4.992,synthetic-v1
DEMO-006,pack,48,4.989,synthetic-v1
DEMO-006,pack,49,4.971,synthetic-v1
DEMO-006,pack,50,4.97,synthetic-v1
DEMO-006,pack,51,5.007,synthetic-v1
DEMO-006,pack,52,5.087,synthetic-v1
DEMO-006,pack,53,5.192,synthetic-v1
DEMO-006,pack,54,5.294,synthetic-v1
DEMO-006,pack,55,5.365,synthetic-v1
DEMO-006,pack,56,5.392,synthetic-v1
DEMO-006,pack,57,5.385,synthetic-v1
DEMO-006,pack,58,5.368,synthetic-v1
DEMO-006,pack,59,5.371,synthetic-v1
DEMO-006,pack,60,5.415,synthetic-v1
DEMO-006,actuator,1,248.84,synthetic-v1
DEMO-006,actuator,2,250.482,synthetic-v1
DEMO-006,actuator,3,251.349,synthetic-v1
DEMO-006,actuator,4,252.202,synthetic-v1
DEMO-006,actuator,5,253.809,synthetic-v1
DEMO-006,actuator,6,256.576,synthetic-v1
DEMO-006,actuator,7,260.346,synthetic-v1
DEMO-006,actuator,8,264.477,synthetic-v1
DEMO-006,actuator,9,268.155,synthetic-v1
DEMO-006,actuator,10,270.782,synthetic-v1
DEMO-006,actuator,11,272.27,synthetic-v1
DEMO-006,actuator,12,273.081,synthetic-v1
DEMO-006,actuator,13,274.004,synthetic-v1
DEMO-006,actuator,14,275.773,synthetic-v1
DEMO-006,actuator,15,278.715,synthetic-v1
DEMO-006,actuator,16,282.588,synthetic-v1
DEMO-006,actuator,17,286.702,synthetic-v1
DEMO-006,actuator,18,290.25,synthetic-v1
DEMO-006,actuator,19,292.697,synthetic-v1
DEMO-006,actuator,20,294.042,synthetic-v1
DEMO-006,actuator,21,294.816,synthetic-v1
DEMO-006,actuator,22,295.825,synthetic-v1
DEMO-006,actuator,23,297.764,synthetic-v1
DEMO-006,actuator,24,300.875,synthetic-v1
DEMO-006,actuator,25,304.836,synthetic-v1
DEMO-006,actuator,26,308.914,synthetic-v1
DEMO-006,actuator,27,312.319,synthetic-v1
DEMO-006,actuator,28,314.586,synthetic-v1
DEMO-006,actuator,29,315.8,synthetic-v1
DEMO-006,actuator,30,316.556,synthetic-v1
DEMO-006,actuator,31,317.669,synthetic-v1
DEMO-006,actuator,32,319.782,synthetic-v1
DEMO-006,actuator,33,323.055,synthetic-v1
DEMO-006,actuator,34,327.087,synthetic-v1
DEMO-006,actuator,35,331.11,synthetic-v1
DEMO-006,actuator,36,334.361,synthetic-v1
DEMO-006,actuator,37,336.45,synthetic-v1
DEMO-006,actuator,38,337.548,synthetic-v1
DEMO-006,actuator,39,338.305,synthetic-v1
DEMO-006,actuator,40,339.537,synthetic-v1
DEMO-006,actuator,41,341.828,synthetic-v1
DEMO-006,actuator,42,345.253,synthetic-v1
DEMO-006,actuator,43,349.337,synthetic-v1
DEMO-006,actuator,44,353.287,synthetic-v1
DEMO-006,actuator,45,356.376,synthetic-v1
DEMO-006,actuator,46,358.291,synthetic-v1
DEMO-006,actuator,47,359.288,synthetic-v1
DEMO-006,actuator,48,360.065,synthetic-v1
DEMO-006,actuator,49,361.429,synthetic-v1
DEMO-006,actuator,50,363.901,synthetic-v1
DEMO-006,actuator,51,367.467,synthetic-v1
DEMO-006,actuator,52,371.584,synthetic-v1
DEMO-006,actuator,53,375.445,synthetic-v1
DEMO-006,actuator,54,378.363,synthetic-v1
DEMO-006,actuator,55,380.11,synthetic-v1
DEMO-006,actuator,56,381.022,synthetic-v1
DEMO-006,actuator,57,381.839,synthetic-v1
DEMO-006,actuator,58,383.348,synthetic-v1
DEMO-006,actuator,59,385.999,synthetic-v1
DEMO-006,actuator,60,389.693,synthetic-v1
DEMO-007,apu,1,30.293,synthetic-v1
DEMO-007,apu,2,30.768,synthetic-v1
DEMO-007,apu,3,31.172,synthetic-v1
DEMO-007,apu,4,31.451,synthetic-v1
DEMO-007,apu,5,31.61,synthetic-v1
DEMO-007,apu,6,31.714,synthetic-v1
DEMO-007,apu,7,31.853,synthetic-v1
DEMO-007,apu,8,32.1,synthetic-v1
DEMO-007,apu,9,32.476,synthetic-v1
DEMO-007,apu,10,32.941,synthetic-v1
DEMO-007,apu,11,33.41,synthetic-v1
DEMO-007,apu,12,33.797,synthetic-v1
DEMO-007,apu,13,34.056,synthetic-v1
DEMO-007,apu,14,34.203,synthetic-v1
DEMO-007,apu,15,34.306,synthetic-v1
DEMO-007,apu,16,34.457,synthetic-v1
DEMO-007,apu,17,34.724,synthetic-v1
DEMO-007,apu,18,35.118,synthetic-v1
DEMO-007,apu,19,35.589,synthetic-v1
DEMO-007,apu,20,36.051,synthetic-v1
DEMO-007,apu,21,36.42,synthetic-v1
DEMO-007,apu,22,36.66,synthetic-v1
DEMO-007,apu,23,36.794,synthetic-v1
DEMO-007,apu,24,36.899,synthetic-v1
DEMO-007,apu,25,37.064,synthetic-v1
DEMO-007,apu,26,37.351,synthetic-v1
DEMO-007,apu,27,37.761,synthetic-v1
DEMO-007,apu,28,38.237,synthetic-v1
DEMO-007,apu,29,38.689,synthetic-v1
DEMO-007,apu,30,39.04,synthetic-v1
DEMO-007,apu,31,39.26,synthetic-v1
DEMO-007,apu,32,39.385,synthetic-v1
DEMO-007,apu,33,39.493,synthetic-v1
DEMO-007,apu,34,39.674,synthetic-v1
DEMO-007,apu,35,39.981,synthetic-v1
DEMO-007,apu,36,40.405,synthetic-v1
DEMO-007,apu,37,40.884,synthetic-v1
DEMO-007,apu,38,41.325,synthetic-v1
DEMO-007,apu,39,41.656,synthetic-v1
DEMO-007,apu,40,41.859,synthetic-v1
DEMO-007,apu,41,41.975,synthetic-v1
DEMO-007,apu,42,42.089,synthetic-v1
DEMO-007,apu,43,42.287,synthetic-v1
DEMO-007,apu,44,42.613,synthetic-v1
DEMO-007,apu,45,43.051,synthetic-v1
DEMO-007,apu,46,43.53,synthetic-v1
DEMO-007,apu,47,43.958,synthetic-v1
DEMO-007,apu,48,44.27,synthetic-v1
DEMO-007,apu,49,44.455,synthetic-v1
DEMO-007,apu,50,44.565,synthetic-v1
DEMO-007,apu,51,44.687,synthetic-v1
DEMO-007,apu,52,44.902,synthetic-v1
DEMO-007,apu,53,45.248,synthetic-v1
DEMO-007,apu,54,45.698,synthetic-v1
DEMO-007,apu,55,46.175,synthetic-v1
DEMO-007,apu,56,46.589,synthetic-v1
DEMO-007,apu,57,46.881,synthetic-v1
DEMO-007,apu,58,47.05,synthetic-v1
DEMO-007,apu,59,47.155,synthetic-v1
DEMO-007,apu,60,47.287,synthetic-v1
DEMO-007,brakes,1,7.724,synthetic-v1
DEMO-007,brakes,2,7.83,synthetic-v1
DEMO-007,brakes,3,7.884,synthetic-v1
DEMO-007,brakes,4,7.894,synthetic-v1
DEMO-007,brakes,5,7.889,synthetic-v1
DEMO-007,brakes,6,7.904,synthetic-v1
DEMO-007,brakes,7,7.967,synthetic-v1
DEMO-007,brakes,8,8.08,synthetic-v1
DEMO-007,brakes,9,8.222,synthetic-v1
DEMO-007,brakes,10,8.359,synthetic-v1
DEMO-007,brakes,11,8.457,synthetic-v1
DEMO-007,brakes,12,8.504,synthetic-v1
DEMO-007,brakes,13,8.51,synthetic-v1
DEMO-007,brakes,14,8.505,synthetic-v1
DEMO-007,brakes,15,8.526,synthetic-v1
DEMO-007,brakes,16,8.597,synthetic-v1
DEMO-007,brakes,17,8.716,synthetic-v1
DEMO-007,brakes,18,8.86,synthetic-v1
DEMO-007,brakes,19,8.993,synthetic-v1
DEMO-007,brakes,20,9.084,synthetic-v1
DEMO-007,brakes,21,9.123,synthetic-v1
DEMO-007,brakes,22,9.125,synthetic-v1
DEMO-007,brakes,23,9.122,synthetic-v1
DEMO-007,brakes,24,9.149,synthetic-v1
DEMO-007,brakes,25,9.228,synthetic-v1
DEMO-007,brakes,26,9.353,synthetic-v1
DEMO-007,brakes,27,9.497,synthetic-v1
DEMO-007,brakes,28,9.625,synthetic-v1
DEMO-007,brakes,29,9.709,synthetic-v1
DEMO-007,brakes,30,9.741,synthetic-v1
DEMO-007,brakes,31,9.74,synthetic-v1
DEMO-007,brakes,32,9.739,synthetic-v1
DEMO-007,brakes,33,9.774,synthetic-v1
DEMO-007,brakes,34,9.86,synthetic-v1
DEMO-007,brakes,35,9.99,synthetic-v1
DEMO-007,brakes,36,10.134,synthetic-v1
DEMO-007,brakes,37,10.257,synthetic-v1
DEMO-007,brakes,38,10.333,synthetic-v1
DEMO-007,brakes,39,10.358,synthetic-v1
DEMO-007,brakes,40,10.354,synthetic-v1
DEMO-007,brakes,41,10.357,synthetic-v1
DEMO-007,brakes,42,10.399,synthetic-v1
DEMO-007,brakes,43,10.493,synthetic-v1
DEMO-007,brakes,44,10.627,synthetic-v1
DEMO-007,brakes,45,10.771,synthetic-v1
DEMO-007,brakes,46,10.888,synthetic-v1
DEMO-007,brakes,47,10.955,synthetic-v1
DEMO-007,brakes,48,10.974,synthetic-v1
DEMO-007,brakes,49,10.97,synthetic-v1
DEMO-007,brakes,50,10.977,synthetic-v1
DEMO-007,brakes,51,11.026,synthetic-v1
DEMO-007,brakes,52,11.127,synthetic-v1
DEMO-007,brakes,53,11.265,synthetic-v1
DEMO-007,brakes,54,11.407,synthetic-v1
DEMO-007,brakes,55,11.517,synthetic-v1
DEMO-007,brakes,56,11.577,synthetic-v1
DEMO-007,brakes,57,11.59,synthetic-v1
DEMO-007,brakes,58,11.585,synthetic-v1
DEMO-007,brakes,59,11.597,synthetic-v1
DEMO-007,brakes,60,11.654,synthetic-v1
DEMO-007,hydraulic,1,1.0,synthetic-v1
DEMO-007,hydraulic,2,1.0,synthetic-v1
DEMO-007,hydraulic,3,1.0,synthetic-v1
DEMO-007,hydraulic,4,1.0,synthetic-v1
DEMO-007,hydraulic,5,1.0,synthetic-v1
DEMO-007,hydraulic,6,1.0,synthetic-v1
DEMO-007,hydraulic,7,1.0,synthetic-v1
DEMO-007,hydraulic,8,1.0,synthetic-v1
DEMO-007,hydraulic,9,1.0,synthetic-v1
DEMO-007,hydraulic,10,1.0,synthetic-v1
DEMO-007,hydraulic,11,1.0,synthetic-v1
DEMO-007,hydraulic,12,1.0,synthetic-v1
DEMO-007,hydraulic,13,1.006,synthetic-v1
DEMO-007,hydraulic,14,1.026,synthetic-v1
DEMO-007,hydraulic,15,1.061,synthetic-v1
DEMO-007,hydraulic,16,1.113,synthetic-v1
DEMO-007,hydraulic,17,1.178,synthetic-v1
DEMO-007,hydraulic,18,1.243,synthetic-v1
DEMO-007,hydraulic,19,1.298,synthetic-v1
DEMO-007,hydraulic,20,1.336,synthetic-v1
DEMO-007,hydraulic,21,1.358,synthetic-v1
DEMO-007,hydraulic,22,1.375,synthetic-v1
DEMO-007,hydraulic,23,1.397,synthetic-v1
DEMO-007,hydraulic,24,1.434,synthetic-v1
DEMO-007,hydraulic,25,1.489,synthetic-v1
DEMO-007,hydraulic,26,1.554,synthetic-v1
DEMO-007,hydraulic,27,1.618,synthetic-v1
DEMO-007,hydraulic,28,1.671,synthetic-v1
DEMO-007,hydraulic,29,1.706,synthetic-v1
DEMO-007,hydraulic,30,1.727,synthetic-v1
DEMO-007,hydraulic,31,1.744,synthetic-v1
DEMO-007,hydraulic,32,1.768,synthetic-v1
DEMO-007,hydraulic,33,1.808,synthetic-v1
DEMO-007,hydraulic,34,1.865,synthetic-v1
DEMO-007,hydraulic,35,1.93,synthetic-v1
DEMO-007,hydraulic,36,1.994,synthetic-v1
DEMO-007,hydraulic,37,2.044,synthetic-v1
DEMO-007,hydraulic,38,2.076,synthetic-v1
DEMO-007,hydraulic,39,2.096,synthetic-v1
DEMO-007,hydraulic,40,2.113,synthetic-v1
DEMO-007,hydraulic,41,2.139,synthetic-v1
DEMO-007,hydraulic,42,2.182,synthetic-v1
DEMO-007,hydraulic,43,2.24,synthetic-v1
DEMO-007,hydraulic,44,2.307,synthetic-v1
DEMO-007,hydraulic,45,2.369,synthetic-v1
DEMO-007,hydraulic,46,2.416,synthetic-v1
DEMO-007,hydraulic,47,2.446,synthetic-v1
DEMO-007,hydraulic,48,2.465,synthetic-v1
DEMO-007,hydraulic,49,2.482,synthetic-v1
DEMO-007,hydraulic,50,2.511,synthetic-v1
DEMO-007,hydraulic,51,2.556,synthetic-v1
DEMO-007,hydraulic,52,2.617,synthetic-v1
DEMO-007,hydraulic,53,2.683,synthetic-v1
DEMO-007,hydraulic,54,2.743,synthetic-v1
DEMO-007,hydraulic,55,2.788,synthetic-v1
DEMO-007,hydraulic,56,2.816,synthetic-v1
DEMO-007,hydraulic,57,2.834,synthetic-v1
DEMO-007,hydraulic,58,2.852,synthetic-v1
DEMO-007,hydraulic,59,2.883,synthetic-v1
DEMO-007,hydraulic,60,2.931,synthetic-v1
DEMO-007,pack,1,3.484,synthetic-v1
DEMO-007,pack,2,3.527,synthetic-v1
DEMO-007,pack,3,3.536,synthetic-v1
DEMO-007,pack,4,3.54,synthetic-v1
DEMO-007,pack,5,3.566,synthetic-v1
DEMO-007,pack,6,3.635,synthetic-v1
DEMO-007,pack,7,3.743,synthetic-v1
DEMO-007,pack,8,3.869,synthetic-v1
DEMO-007,pack,9,3.985,synthetic-v1
DEMO-007,pack,10,4.064,synthetic-v1
DEMO-007,pack,11,4.101,synthetic-v1
DEMO-007,pack,12,4.107,synthetic-v1
DEMO-007,pack,13,4.112,synthetic-v1
DEMO-007,pack,14,4.145,synthetic-v1
DEMO-007,pack,15,4.219,synthetic-v1
DEMO-007,pack,16,4.332,synthetic-v1
DEMO-007,pack,17,4.459,synthetic-v1
DEMO-007,pack,18,4.57,synthetic-v1
DEMO-007,pack,19,4.643,synthetic-v1
DEMO-007,pack,20,4.674,synthetic-v1
DEMO-007,pack,21,4.678,synthetic-v1
DEMO-007,pack,22,4.686,synthetic-v1
DEMO-007,pack,23,4.724,synthetic-v1
DEMO-007,pack,24,4.805,synthetic-v1
DEMO-007,pack,25,4.922,synthetic-v1
DEMO-007,pack,26,5.048,synthetic-v1
DEMO-007,pack,27,5.155,synthetic-v1
DEMO-007,pack,28,5.221,synthetic-v1
DEMO-007,pack,29,5.246,synthetic-v1
DEMO-007,pack,30,5.249,synthetic-v1
DEMO-007,pack,31,5.26,synthetic-v1
DEMO-007,pack,32,5.304,synthetic-v1
DEMO-007,pack,33,5.392,synthetic-v1
DEMO-007,pack,34,5.512,synthetic-v1
DEMO-007,pack,35,5.637,synthetic-v1
DEMO-007,pack,36,5.739,synthetic-v1
DEMO-007,pack,37,5.798,synthetic-v1
DEMO-007,pack,38,5.818,synthetic-v1
DEMO-007,pack,39,5.82,synthetic-v1
DEMO-007,pack,40,5.835,synthetic-v1
DEMO-007,pack,41,5.885,synthetic-v1
DEMO-007,pack,42,5.979,synthetic-v1
DEMO-007,pack,43,6.102,synthetic-v1
DEMO-007,pack,44,6.225,synthetic-v1
DEMO-007,pack,45,6.321,synthetic-v1
DEMO-007,pack,46,6.374,synthetic-v1
DEMO-007,pack,47,6.39,synthetic-v1
DEMO-007,pack,48,6.392,synthetic-v1
DEMO-007,pack,49,6.41,synthetic-v1
DEMO-007,pack,50,6.468,synthetic-v1
DEMO-007,pack,51,6.567,synthetic-v1
DEMO-007,pack,52,6.692,synthetic-v1
DEMO-007,pack,53,6.813,synthetic-v1
DEMO-007,pack,54,6.903,synthetic-v1
DEMO-007,pack,55,6.949,synthetic-v1
DEMO-007,pack,56,6.961,synthetic-v1
DEMO-007,pack,57,6.964,synthetic-v1
DEMO-007,pack,58,6.987,synthetic-v1
DEMO-007,pack,59,7.051,synthetic-v1
DEMO-007,pack,60,7.156,synthetic-v1
DEMO-007,actuator,1,262.863,synthetic-v1
DEMO-007,actuator,2,264.252,synthetic-v1
DEMO-007,actuator,3,265.635,synthetic-v1
DEMO-007,actuator,4,267.779,synthetic-v1
DEMO-007,actuator,5,271.084,synthetic-v1
DEMO-007,actuator,6,275.387,synthetic-v1
DEMO-007,actuator,7,280.044,synthetic-v1
DEMO-007,actuator,8,284.24,synthetic-v1
DEMO-007,actuator,9,287.383,synthetic-v1
DEMO-007,actuator,10,289.388,synthetic-v1
DEMO-007,actuator,11,290.722,synthetic-v1
DEMO-007,actuator,12,292.177,synthetic-v1
DEMO-007,actuator,13,294.483,synthetic-v1
DEMO-007,actuator,14,297.962,synthetic-v1
DEMO-007,actuator,15,302.368,synthetic-v1
DEMO-007,actuator,16,307.007,synthetic-v1
DEMO-007,actuator,17,311.072,synthetic-v1
DEMO-007,actuator,18,314.035,synthetic-v1
DEMO-007,actuator,19,315.897,synthetic-v1
DEMO-007,actuator,20,317.196,synthetic-v1
DEMO-007,actuator,21,318.738,synthetic-v1
DEMO-007,actuator,22,321.214,synthetic-v1
DEMO-007,actuator,23,324.862,synthetic-v1
DEMO-007,actuator,24,329.355,synthetic-v1
DEMO-007,actuator,25,333.956,synthetic-v1
DEMO-007,actuator,26,337.878,synthetic-v1
DEMO-007,actuator,27,340.66,synthetic-v1
DEMO-007,actuator,28,342.394,synthetic-v1
DEMO-007,actuator,29,343.676,synthetic-v1
DEMO-007,actuator,30,345.322,synthetic-v1
DEMO-007,actuator,31,347.973,synthetic-v1
DEMO-007,actuator,32,351.782,synthetic-v1
DEMO-007,actuator,33,356.344,synthetic-v1
DEMO-007,actuator,34,360.89,synthetic-v1
DEMO-007,actuator,35,364.657,synthetic-v1
DEMO-007,actuator,36,367.262,synthetic-v1
DEMO-007,actuator,37,368.879,synthetic-v1
DEMO-007,actuator,38,370.164,synthetic-v1
DEMO-007,actuator,39,371.93,synthetic-v1
DEMO-007,actuator,40,374.759,synthetic-v1
DEMO-007,actuator,41,378.72,synthetic-v1
DEMO-007,actuator,42,383.333,synthetic-v1
DEMO-007,actuator,43,387.805,synthetic-v1
DEMO-007,actuator,44,391.409,synthetic-v1
DEMO-007,actuator,45,393.839,synthetic-v1
DEMO-007,actuator,46,395.357,synthetic-v1
DEMO-007,actuator,47,396.663,synthetic-v1
DEMO-007,actuator,48,398.562,synthetic-v1
DEMO-007,actuator,49,401.572,synthetic-v1
DEMO-007,actuator,50,405.673,synthetic-v1
DEMO-007,actuator,51,410.319,synthetic-v1
DEMO-007,actuator,52,414.699,synthetic-v1
DEMO-007,actuator,53,418.133,synthetic-v1
DEMO-007,actuator,54,420.396,synthetic-v1
DEMO-007,actuator,55,421.829,synthetic-v1
DEMO-007,actuator,56,423.176,synthetic-v1
DEMO-007,actuator,57,425.221,synthetic-v1
DEMO-007,actuator,58,428.411,synthetic-v1
DEMO-007,actuator,59,432.639,synthetic-v1
DEMO-007,actuator,60,437.298,synthetic-v1
DEMO-008,apu,1,32.127,synthetic-v1
DEMO-008,apu,2,32.588,synthetic-v1
DEMO-008,apu,3,32.924,synthetic-v1
DEMO-008,apu,4,33.142,synthetic-v1
DEMO-008,apu,5,33.304,synthetic-v1
DEMO-008,apu,6,33.502,synthetic-v1
DEMO-008,apu,7,33.809,synthetic-v1
DEMO-008,apu,8,34.245,synthetic-v1
DEMO-008,apu,9,34.769,synthetic-v1
DEMO-008,apu,10,35.296,synthetic-v1
DEMO-008,apu,11,35.74,synthetic-v1
DEMO-008,apu,12,36.057,synthetic-v1
DEMO-008,apu,13,36.26,synthetic-v1
DEMO-008,apu,14,36.422,synthetic-v1
DEMO-008,apu,15,36.633,synthetic-v1
DEMO-008,apu,16,36.959,synthetic-v1
DEMO-008,apu,17,37.413,synthetic-v1
DEMO-008,apu,18,37.943,synthetic-v1
DEMO-008,apu,19,38.462,synthetic-v1
DEMO-008,apu,20,38.889,synthetic-v1
DEMO-008,apu,21,39.186,synthetic-v1
DEMO-008,apu,22,39.378,synthetic-v1
DEMO-008,apu,23,39.542,synthetic-v1
DEMO-008,apu,24,39.766,synthetic-v1
DEMO-008,apu,25,40.113,synthetic-v1
DEMO-008,apu,26,40.582,synthetic-v1
DEMO-008,apu,27,41.117,synthetic-v1
DEMO-008,apu,28,41.627,synthetic-v1
DEMO-008,apu,29,42.035,synthetic-v1
DEMO-008,apu,30,42.313,synthetic-v1
DEMO-008,apu,31,42.495,synthetic-v1
DEMO-008,apu,32,42.662,synthetic-v1
DEMO-008,apu,33,42.903,synthetic-v1
DEMO-008,apu,34,43.269,synthetic-v1
DEMO-008,apu,35,43.754,synthetic-v1
DEMO-008,apu,36,44.29,synthetic-v1
DEMO-008,apu,37,44.789,synthetic-v1
DEMO-008,apu,38,45.178,synthetic-v1
DEMO-008,apu,39,45.438,synthetic-v1
DEMO-008,apu,40,45.612,synthetic-v1
DEMO-008,apu,41,45.785,synthetic-v1
DEMO-008,apu,42,46.042,synthetic-v1
DEMO-008,apu,43,46.429,synthetic-v1
DEMO-008,apu,44,46.926,synthetic-v1
DEMO-008,apu,45,47.463,synthetic-v1
DEMO-008,apu,46,47.949,synthetic-v1
DEMO-008,apu,47,48.318,synthetic-v1
DEMO-008,apu,48,48.561,synthetic-v1
DEMO-008,apu,49,48.729,synthetic-v1
DEMO-008,apu,50,48.909,synthetic-v1
DEMO-008,apu,51,49.185,synthetic-v1
DEMO-008,apu,52,49.591,synthetic-v1
DEMO-008,apu,53,50.099,synthetic-v1
DEMO-008,apu,54,50.634,synthetic-v1
DEMO-008,apu,55,51.106,synthetic-v1
DEMO-008,apu,56,51.455,synthetic-v1
DEMO-008,apu,57,51.682,synthetic-v1
DEMO-008,apu,58,51.846,synthetic-v1
DEMO-008,apu,59,52.036,synthetic-v1
DEMO-008,apu,60,52.33,synthetic-v1
DEMO-008,brakes,1,0.0,synthetic-v1
DEMO-008,brakes,2,0.0,synthetic-v1
DEMO-008,brakes,3,0.0,synthetic-v1
DEMO-008,brakes,4,0.0,synthetic-v1
DEMO-008,brakes,5,0.0,synthetic-v1
DEMO-008,brakes,6,0.034,synthetic-v1
DEMO-008,brakes,7,0.17,synthetic-v1
DEMO-008,brakes,8,0.336,synthetic-v1
DEMO-008,brakes,9,0.496,synthetic-v1
DEMO-008,brakes,10,0.618,synthetic-v1
DEMO-008,brakes,11,0.687,synthetic-v1
DEMO-008,brakes,12,0.716,synthetic-v1
DEMO-008,brakes,13,0.735,synthetic-v1
DEMO-008,brakes,14,0.78,synthetic-v1
DEMO-008,brakes,15,0.874,synthetic-v1
DEMO-008,brakes,16,1.017,synthetic-v1
DEMO-008,brakes,17,1.185,synthetic-v1
DEMO-008,brakes,18,1.341,synthetic-v1
DEMO-008,brakes,19,1.455,synthetic-v1
DEMO-008,brakes,20,1.517,synthetic-v1
DEMO-008,brakes,21,1.542,synthetic-v1
DEMO-008,brakes,22,1.562,synthetic-v1
DEMO-008,brakes,23,1.614,synthetic-v1
DEMO-008,brakes,24,1.716,synthetic-v1
DEMO-008,brakes,25,1.865,synthetic-v1
DEMO-008,brakes,26,2.033,synthetic-v1
DEMO-008,brakes,27,2.184,synthetic-v1
DEMO-008,brakes,28,2.29,synthetic-v1
DEMO-008,brakes,29,2.345,synthetic-v1
DEMO-008,brakes,30,2.367,synthetic-v1
DEMO-008,brakes,31,2.391,synthetic-v1
DEMO-008,brakes,32,2.449,synthetic-v1
DEMO-008,brakes,33,2.559,synthetic-v1
DEMO-008,brakes,34,2.713,synthetic-v1
DEMO-008,brakes,35,2.88,synthetic-v1
DEMO-008,brakes,36,3.026,synthetic-v1
DEMO-008,brakes,37,3.125,synthetic-v1
DEMO-008,brakes,38,3.173,synthetic-v1
DEMO-008,brakes,39,3.193,synthetic-v1
DEMO-008,brakes,40,3.219,synthetic-v1
DEMO-008,brakes,41,3.285,synthetic-v1
DEMO-008,brakes,42,3.403,synthetic-v1
DEMO-008,brakes,43,3.561,synthetic-v1
DEMO-008,brakes,44,3.728,synthetic-v1
DEMO-008,brakes,45,3.868,synthetic-v1
DEMO-008,brakes,46,3.958,synthetic-v1
DEMO-008,brakes,47,4.0,synthetic-v1
DEMO-008,brakes,48,4.018,synthetic-v1
DEMO-008,brakes,49,4.049,synthetic-v1
DEMO-008,brakes,50,4.122,synthetic-v1
DEMO-008,brakes,51,4.248,synthetic-v1
DEMO-008,brakes,52,4.409,synthetic-v1
DEMO-008,brakes,53,4.574,synthetic-v1
DEMO-008,brakes,54,4.708,synthetic-v1
DEMO-008,brakes,55,4.79,synthetic-v1
DEMO-008,brakes,56,4.826,synthetic-v1
DEMO-008,brakes,57,4.844,synthetic-v1
DEMO-008,brakes,58,4.88,synthetic-v1
DEMO-008,brakes,59,4.961,synthetic-v1
DEMO-008,brakes,60,5.093,synthetic-v1
DEMO-008,hydraulic,1,1.0,synthetic-v1
DEMO-008,hydraulic,2,1.0,synthetic-v1
DEMO-008,hydraulic,3,1.0,synthetic-v1
DEMO-008,hydraulic,4,1.0,synthetic-v1
DEMO-008,hydraulic,5,1.0,synthetic-v1
DEMO-008,hydraulic,6,1.0,synthetic-v1
DEMO-008,hydraulic,7,1.027,synthetic-v1
DEMO-008,hydraulic,8,1.1,synthetic-v1
DEMO-008,hydraulic,9,1.165,synthetic-v1
DEMO-008,hydraulic,10,1.213,synthetic-v1
DEMO-008,hydraulic,11,1.245,synthetic-v1
DEMO-008,hydraulic,12,1.27,synthetic-v1
DEMO-008,hydraulic,13,1.298,synthetic-v1
DEMO-008,hydraulic,14,1.341,synthetic-v1
DEMO-008,hydraulic,15,1.401,synthetic-v1
DEMO-008,hydraulic,16,1.473,synthetic-v1
DEMO-008,hydraulic,17,1.546,synthetic-v1
DEMO-008,hydraulic,18,1.609,synthetic-v1
DEMO-008,hydraulic,19,1.654,synthetic-v1
DEMO-008,hydraulic,20,1.685,synthetic-v1
DEMO-008,hydraulic,21,1.709,synthetic-v1
DEMO-008,hydraulic,22,1.739,synthetic-v1
DEMO-008,hydraulic,23,1.784,synthetic-v1
DEMO-008,hydraulic,24,1.847,synthetic-v1
DEMO-008,hydraulic,25,1.92,synthetic-v1
DEMO-008,hydraulic,26,1.992,synthetic-v1
DEMO-008,hydraulic,27,2.052,synthetic-v1
DEMO-008,hydraulic,28,2.095,synthetic-v1
DEMO-008,hydraulic,29,2.124,synthetic-v1
DEMO-008,hydraulic,30,2.148,synthetic-v1
DEMO-008,hydraulic,31,2.18,synthetic-v1
DEMO-008,hydraulic,32,2.228,synthetic-v1
DEMO-008,hydraulic,33,2.293,synthetic-v1
DEMO-008,hydraulic,34,2.366,synthetic-v1
DEMO-008,hydraulic,35,2.437,synthetic-v1
DEMO-008,hydraulic,36,2.495,synthetic-v1
DEMO-008,hydraulic,37,2.536,synthetic-v1
DEMO-008,hydraulic,38,2.563,synthetic-v1
DEMO-008,hydraulic,39,2.587,synthetic-v1
DEMO-008,hydraulic,40,2.622,synthetic-v1
DEMO-008,hydraulic,41,2.672,synthetic-v1
DEMO-008,hydraulic,42,2.739,synthetic-v1
DEMO-008,hydraulic,43,2.813,synthetic-v1
DEMO-008,hydraulic,44,2.883,synthetic-v1
DEMO-008,hydraulic,45,2.938,synthetic-v1
DEMO-008,hydraulic,46,2.976,synthetic-v1
DEMO-008,hydraulic,47,3.002,synthetic-v1
DEMO-008,hydraulic,48,3.027,synthetic-v1
DEMO-008,hydraulic,49,3.063,synthetic-v1
DEMO-008,hydraulic,50,3.117,synthetic-v1
DEMO-008,hydraulic,51,3.185,synthetic-v1
DEMO-008,hydraulic,52,3.259,synthetic-v1
DEMO-008,hydraulic,53,3.327,synthetic-v1
DEMO-008,hydraulic,54,3.38,synthetic-v1
DEMO-008,hydraulic,55,3.416,synthetic-v1
DEMO-008,hydraulic,56,3.441,synthetic-v1
DEMO-008,hydraulic,57,3.467,synthetic-v1
DEMO-008,hydraulic,58,3.506,synthetic-v1
DEMO-008,hydraulic,59,3.562,synthetic-v1
DEMO-008,hydraulic,60,3.632,synthetic-v1
DEMO-008,pack,1,3.982,synthetic-v1
DEMO-008,pack,2,4.003,synthetic-v1
DEMO-008,pack,3,4.037,synthetic-v1
DEMO-008,pack,4,4.107,synthetic-v1
DEMO-008,pack,5,4.22,synthetic-v1
DEMO-008,pack,6,4.362,synthetic-v1
DEMO-008,pack,7,4.505,synthetic-v1
DEMO-008,pack,8,4.621,synthetic-v1
DEMO-008,pack,9,4.693,synthetic-v1
DEMO-008,pack,10,4.729,synthetic-v1
DEMO-008,pack,11,4.75,synthetic-v1
DEMO-008,pack,12,4.788,synthetic-v1
DEMO-008,pack,13,4.864,synthetic-v1
DEMO-008,pack,14,4.983,synthetic-v1
DEMO-008,pack,15,5.128,synthetic-v1
DEMO-008,pack,16,5.268,synthetic-v1
DEMO-008,pack,17,5.378,synthetic-v1
DEMO-008,pack,18,5.444,synthetic-v1
DEMO-008,pack,19,5.475,synthetic-v1
DEMO-008,pack,20,5.497,synthetic-v1
DEMO-008,pack,21,5.54,synthetic-v1
DEMO-008,pack,22,5.623,synthetic-v1
DEMO-008,pack,23,5.747,synthetic-v1
DEMO-008,pack,24,5.893,synthetic-v1
DEMO-008,pack,25,6.031,synthetic-v1
DEMO-008,pack,26,6.134,synthetic-v1
DEMO-008,pack,27,6.194,synthetic-v1
DEMO-008,pack,28,6.222,synthetic-v1
DEMO-008,pack,29,6.245,synthetic-v1
DEMO-008,pack,30,6.293,synthetic-v1
DEMO-008,pack,31,6.383,synthetic-v1
DEMO-008,pack,32,6.512,synthetic-v1
DEMO-008,pack,33,6.658,synthetic-v1
DEMO-008,pack,34,6.792,synthetic-v1
DEMO-008,pack,35,6.889,synthetic-v1
DEMO-008,pack,36,6.943,synthetic-v1
DEMO-008,pack,37,6.968,synthetic-v1
DEMO-008,pack,38,6.994,synthetic-v1
DEMO-008,pack,39,7.047,synthetic-v1
DEMO-008,pack,40,7.144,synthetic-v1
DEMO-008,pack,41,7.277,synthetic-v1
DEMO-008,pack,42,7.423,synthetic-v1
DEMO-008,pack,43,7.553,synthetic-v1
DEMO-008,pack,44,7.643,synthetic-v1
DEMO-008,pack,45,7.691,synthetic-v1
DEMO-008,pack,46,7.715,synthetic-v1
DEMO-008,pack,47,7.743,synthetic-v1
DEMO-008,pack,48,7.802,synthetic-v1
DEMO-008,pack,49,7.905,synthetic-v1
DEMO-008,pack,50,8.042,synthetic-v1
DEMO-008,pack,51,8.188,synthetic-v1
DEMO-008,pack,52,8.313,synthetic-v1
DEMO-008,pack,53,8.396,synthetic-v1
DEMO-008,pack,54,8.439,synthetic-v1
DEMO-008,pack,55,8.461,synthetic-v1
DEMO-008,pack,56,8.492,synthetic-v1
DEMO-008,pack,57,8.558,synthetic-v1
DEMO-008,pack,58,8.667,synthetic-v1
DEMO-008,pack,59,8.808,synthetic-v1
DEMO-008,pack,60,8.952,synthetic-v1
DEMO-008,actuator,1,216.31,synthetic-v1
DEMO-008,actuator,2,215.942,synthetic-v1
DEMO-008,actuator,3,216.342,synthetic-v1
DEMO-008,actuator,4,217.903,synthetic-v1
DEMO-008,actuator,5,220.458,synthetic-v1
DEMO-008,actuator,6,223.36,synthetic-v1
DEMO-008,actuator,7,225.793,synthetic-v1
DEMO-008,actuator,8,227.169,synthetic-v1
DEMO-008,actuator,9,227.409,synthetic-v1
DEMO-008,actuator,10,226.986,synthetic-v1
DEMO-008,actuator,11,226.69,synthetic-v1
DEMO-008,actuator,12,227.252,synthetic-v1
DEMO-008,actuator,13,228.987,synthetic-v1
DEMO-008,actuator,14,231.645,synthetic-v1
DEMO-008,actuator,15,234.527,synthetic-v1
DEMO-008,actuator,16,236.828,synthetic-v1
DEMO-008,actuator,17,238.024,synthetic-v1
DEMO-008,actuator,18,238.123,synthetic-v1
DEMO-008,actuator,19,237.665,synthetic-v1
DEMO-008,actuator,20,237.458,synthetic-v1
DEMO-008,actuator,21,238.19,synthetic-v1
DEMO-008,actuator,22,240.094,synthetic-v1
DEMO-008,actuator,23,242.836,synthetic-v1
DEMO-008,actuator,24,245.68,synthetic-v1
DEMO-008,actuator,25,247.837,synthetic-v1
DEMO-008,actuator,26,248.853,synthetic-v1
DEMO-008,actuator,27,248.823,synthetic-v1
DEMO-008,actuator,28,248.35,synthetic-v1
DEMO-008,actuator,29,248.249,synthetic-v1
DEMO-008,actuator,30,249.156,synthetic-v1
DEMO-008,actuator,31,251.22,synthetic-v1
DEMO-008,actuator,32,254.031,synthetic-v1
DEMO-008,actuator,33,256.817,synthetic-v1
DEMO-008,actuator,34,258.82,synthetic-v1
DEMO-008,actuator,35,259.657,synthetic-v1
DEMO-008,actuator,36,259.513,synthetic-v1
DEMO-008,actuator,37,259.044,synthetic-v1
DEMO-008,actuator,38,259.063,synthetic-v1
DEMO-008,actuator,39,260.149,synthetic-v1
DEMO-008,actuator,40,262.364,synthetic-v1
DEMO-008,actuator,41,265.224,synthetic-v1
DEMO-008,actuator,42,267.936,synthetic-v1
DEMO-008,actuator,43,269.774,synthetic-v1
DEMO-008,actuator,44,270.439,synthetic-v1
DEMO-008,actuator,45,270.195,synthetic-v1
DEMO-008,actuator,46,269.749,synthetic-v1
DEMO-008,actuator,47,269.902,synthetic-v1
DEMO-008,actuator,48,271.168,synthetic-v1
DEMO-008,actuator,49,273.523,synthetic-v1
DEMO-008,actuator,50,276.415,synthetic-v1
DEMO-008,actuator,51,279.034,synthetic-v1
DEMO-008,actuator,52,280.701,synthetic-v1
DEMO-008,actuator,53,281.199,synthetic-v1
DEMO-008,actuator,54,280.873,synthetic-v1
DEMO-008,actuator,55,280.468,synthetic-v1
DEMO-008,actuator,56,280.767,synthetic-v1
DEMO-008,actuator,57,282.213,synthetic-v1
DEMO-008,actuator,58,284.694,synthetic-v1
DEMO-008,actuator,59,287.598,synthetic-v1
DEMO-008,actuator,60,290.109,synthetic-v1
DEMO-009,apu,1,27.252,synthetic-v1
DEMO-009,apu,2,27.317,synthetic-v1
DEMO-009,apu,3,27.297,synthetic-v1
DEMO-009,apu,4,27.274,synthetic-v1
DEMO-009,apu,5,27.336,synthetic-v1
DEMO-009,apu,6,27.526,synthetic-v1
DEMO-009,apu,7,27.828,synthetic-v1
DEMO-009,apu,8,28.17,synthetic-v1
DEMO-009,apu,9,28.462,synthetic-v1
DEMO-009,apu,10,28.637,synthetic-v1
DEMO-009,apu,11,28.685,synthetic-v1
DEMO-009,apu,12,28.658,synthetic-v1
DEMO-009,apu,13,28.644,synthetic-v1
DEMO-009,apu,14,28.723,synthetic-v1
DEMO-009,apu,15,28.933,synthetic-v1
DEMO-009,apu,16,29.247,synthetic-v1
DEMO-009,apu,17,29.587,synthetic-v1
DEMO-009,apu,18,29.864,synthetic-v1
DEMO-009,apu,19,30.019,synthetic-v1
DEMO-009,apu,20,30.051,synthetic-v1
DEMO-009,apu,21,30.02,synthetic-v1
DEMO-009,apu,22,30.015,synthetic-v1
DEMO-009,apu,23,30.114,synthetic-v1
DEMO-009,apu,24,30.343,synthetic-v1
DEMO-009,apu,25,30.666,synthetic-v1
DEMO-009,apu,26,31.002,synthetic-v1
DEMO-009,apu,27,31.263,synthetic-v1
DEMO-009,apu,28,31.398,synthetic-v1
DEMO-009,apu,29,31.416,synthetic-v1
DEMO-009,apu,30,31.383,synthetic-v1
DEMO-009,apu,31,31.39,synthetic-v1
DEMO-009,apu,32,31.507,synthetic-v1
DEMO-009,apu,33,31.754,synthetic-v1
DEMO-009,apu,34,32.085,synthetic-v1
DEMO-009,apu,35,32.415,synthetic-v1
DEMO-009,apu,36,32.659,synthetic-v1
DEMO-009,apu,37,32.774,synthetic-v1
DEMO-009,apu,38,32.779,synthetic-v1
DEMO-009,apu,39,32.746,synthetic-v1
DEMO-009,apu,40,32.766,synthetic-v1
DEMO-009,apu,41,32.904,synthetic-v1
DEMO-009,apu,42,33.167,synthetic-v1
DEMO-009,apu,43,33.504,synthetic-v1
DEMO-009,apu,44,33.826,synthetic-v1
DEMO-009,apu,45,34.052,synthetic-v1
DEMO-009,apu,46,34.148,synthetic-v1
DEMO-009,apu,47,34.142,synthetic-v1
DEMO-009,apu,48,34.111,synthetic-v1
DEMO-009,apu,49,34.146,synthetic-v1
DEMO-009,apu,50,34.303,synthetic-v1
DEMO-009,apu,51,34.583,synthetic-v1
DEMO-009,apu,52,34.923,synthetic-v1
DEMO-009,apu,53,35.235,synthetic-v1
DEMO-009,apu,54,35.442,synthetic-v1
DEMO-009,apu,55,35.519,synthetic-v1
DEMO-009,apu,56,35.504,synthetic-v1
DEMO-009,apu,57,35.478,synthetic-v1
DEMO-009,apu,58,35.528,synthetic-v1
DEMO-009,apu,59,35.706,synthetic-v1
DEMO-009,apu,60,35.999,synthetic-v1
DEMO-009,brakes,1,0.423,synthetic-v1
DEMO-009,brakes,2,0.479,synthetic-v1
DEMO-009,brakes,3,0.521,synthetic-v1
DEMO-009,brakes,4,0.584,synthetic-v1
DEMO-009,brakes,5,0.694,synthetic-v1
DEMO-009,brakes,6,0.854,synthetic-v1
DEMO-009,brakes,7,1.044,synthetic-v1
DEMO-009,brakes,8,1.227,synthetic-v1
DEMO-009,brakes,9,1.372,synthetic-v1
DEMO-009,brakes,10,1.464,synthetic-v1
DEMO-009,brakes,11,1.516,synthetic-v1
DEMO-009,brakes,12,1.558,synthetic-v1
DEMO-009,brakes,13,1.627,synthetic-v1
DEMO-009,brakes,14,1.745,synthetic-v1
DEMO-009,brakes,15,1.912,synthetic-v1
DEMO-009,brakes,16,2.103,synthetic-v1
DEMO-009,brakes,17,2.282,synthetic-v1
DEMO-009,brakes,18,2.419,synthetic-v1
DEMO-009,brakes,19,2.504,synthetic-v1
DEMO-009,brakes,20,2.552,synthetic-v1
DEMO-009,brakes,21,2.596,synthetic-v1
DEMO-009,brakes,22,2.672,synthetic-v1
DEMO-009,brakes,23,2.798,synthetic-v1
DEMO-009,brakes,24,2.97,synthetic-v1
DEMO-009,brakes,25,3.161,synthetic-v1
DEMO-009,brakes,26,3.336,synthetic-v1
DEMO-009,brakes,27,3.465,synthetic-v1
DEMO-009,brakes,28,3.543,synthetic-v1
DEMO-009,brakes,29,3.588,synthetic-v1
DEMO-009,brakes,30,3.635,synthetic-v1
DEMO-009,brakes,31,3.717,synthetic-v1
DEMO-009,brakes,32,3.851,synthetic-v1
DEMO-009,brakes,33,4.028,synthetic-v1
DEMO-009,brakes,34,4.22,synthetic-v1
DEMO-009,brakes,35,4.389,synthetic-v1
DEMO-009,brakes,36,4.51,synthetic-v1
DEMO-009,brakes,37,4.581,synthetic-v1
DEMO-009,brakes,38,4.624,synthetic-v1
DEMO-009,brakes,39,4.675,synthetic-v1
DEMO-009,brakes,40,4.764,synthetic-v1
DEMO-009,brakes,41,4.906,synthetic-v1
DEMO-009,brakes,42,5.087,synthetic-v1
DEMO-009,brakes,43,5.277,synthetic-v1
DEMO-009,brakes,44,5.44,synthetic-v1
DEMO-009,brakes,45,5.554,synthetic-v1
DEMO-009,brakes,46,5.619,synthetic-v1
DEMO-009,brakes,47,5.66,synthetic-v1
DEMO-009,brakes,48,5.715,synthetic-v1
DEMO-009,brakes,49,5.812,synthetic-v1
DEMO-009,brakes,50,5.961,synthetic-v1
DEMO-009,brakes,51,6.146,synthetic-v1
DEMO-009,brakes,52,6.335,synthetic-v1
DEMO-009,brakes,53,6.491,synthetic-v1
DEMO-009,brakes,54,6.596,synthetic-v1
DEMO-009,brakes,55,6.656,synthetic-v1
DEMO-009,brakes,56,6.697,synthetic-v1
DEMO-009,brakes,57,6.756,synthetic-v1
DEMO-009,brakes,58,6.861,synthetic-v1
DEMO-009,brakes,59,7.017,synthetic-v1
DEMO-009,brakes,60,7.206,synthetic-v1
DEMO-009,hydraulic,1,2.97,synthetic-v1
DEMO-009,hydraulic,2,2.969,synthetic-v1
DEMO-009,hydraulic,3,2.97,synthetic-v1
DEMO-009,hydraulic,4,2.985,synthetic-v1
DEMO-009,hydraulic,5,3.017,synthetic-v1
DEMO-009,hydraulic,6,3.062,synthetic-v1
DEMO-009,hydraulic,7,3.109,synthetic-v1
DEMO-009,hydraulic,8,3.148,synthetic-v1
DEMO-009,hydraulic,9,3.17,synthetic-v1
DEMO-009,hydraulic,10,3.176,synthetic-v1
DEMO-009,hydraulic,11,3.174,synthetic-v1
DEMO-009,hydraulic,12,3.177,synthetic-v1
DEMO-009,hydraulic,13,3.194,synthetic-v1
DEMO-009,hydraulic,14,3.228,synthetic-v1
DEMO-009,hydraulic,15,3.274,synthetic-v1
DEMO-009,hydraulic,16,3.321,synthetic-v1
DEMO-009,hydraulic,17,3.358,synthetic-v1
DEMO-009,hydraulic,18,3.377,synthetic-v1
DEMO-009,hydraulic,19,3.381,synthetic-v1
DEMO-009,hydraulic,20,3.379,synthetic-v1
DEMO-009,hydraulic,21,3.384,synthetic-v1
DEMO-009,hydraulic,22,3.403,synthetic-v1
DEMO-009,hydraulic,23,3.44,synthetic-v1
DEMO-009,hydraulic,24,3.487,synthetic-v1
DEMO-009,hydraulic,25,3.533,synthetic-v1
DEMO-009,hydraulic,26,3.567,synthetic-v1
DEMO-009,hydraulic,27,3.584,synthetic-v1
DEMO-009,hydraulic,28,3.586,synthetic-v1
DEMO-009,hydraulic,29,3.585,synthetic-v1
DEMO-009,hydraulic,30,3.591,synthetic-v1
DEMO-009,hydraulic,31,3.613,synthetic-v1
DEMO-009,hydraulic,32,3.652,synthetic-v1
DEMO-009,hydraulic,33,3.699,synthetic-v1
DEMO-009,hydraulic,34,3.744,synthetic-v1
DEMO-009,hydraulic,35,3.776,synthetic-v1
DEMO-009,hydraulic,36,3.79,synthetic-v1
DEMO-009,hydraulic,37,3.791,synthetic-v1
DEMO-009,hydraulic,38,3.79,synthetic-v1
DEMO-009,hydraulic,39,3.798,synthetic-v1
DEMO-009,hydraulic,40,3.823,synthetic-v1
DEMO-009,hydraulic,41,3.864,synthetic-v1
DEMO-009,hydraulic,42,3.912,synthetic-v1
DEMO-009,hydraulic,43,3.956,synthetic-v1
DEMO-009,hydraulic,44,3.985,synthetic-v1
DEMO-009,hydraulic,45,3.996,synthetic-v1
DEMO-009,hydraulic,46,3.996,synthetic-v1
DEMO-009,hydraulic,47,3.996,synthetic-v1
DEMO-009,hydraulic,48,4.006,synthetic-v1
DEMO-009,hydraulic,49,4.034,synthetic-v1
DEMO-009,hydraulic,50,4.076,synthetic-v1
DEMO-009,hydraulic,51,4.124,synthetic-v1
DEMO-009,hydraulic,52,4.166,synthetic-v1
DEMO-009,hydraulic,53,4.193,synthetic-v1
DEMO-009,hydraulic,54,4.202,synthetic-v1
DEMO-009,hydraulic,55,4.201,synthetic-v1
DEMO-009,hydraulic,56,4.202,synthetic-v1
DEMO-009,hydraulic,57,4.214,synthetic-v1
DEMO-009,hydraulic,58,4.245,synthetic-v1
DEMO-009,hydraulic,59,4.289,synthetic-v1
DEMO-009,hydraulic,60,4.337,synthetic-v1
DEMO-009,pack,1,0.0,synthetic-v1
DEMO-009,pack,2,0.0,synthetic-v1
DEMO-009,pack,3,0.0,synthetic-v1
DEMO-009,pack,4,0.0,synthetic-v1
DEMO-009,pack,5,0.0,synthetic-v1
DEMO-009,pack,6,0.0,synthetic-v1
DEMO-009,pack,7,0.0,synthetic-v1
DEMO-009,pack,8,0.0,synthetic-v1
DEMO-009,pack,9,0.0,synthetic-v1
DEMO-009,pack,10,0.0,synthetic-v1
DEMO-009,pack,11,0.0,synthetic-v1
DEMO-009,pack,12,0.0,synthetic-v1
DEMO-009,pack,13,0.0,synthetic-v1
DEMO-009,pack,14,0.0,synthetic-v1
DEMO-009,pack,15,0.0,synthetic-v1
DEMO-009,pack,16,0.0,synthetic-v1
DEMO-009,pack,17,0.0,synthetic-v1
DEMO-009,pack,18,0.0,synthetic-v1
DEMO-009,pack,19,0.0,synthetic-v1
DEMO-009,pack,20,0.0,synthetic-v1
DEMO-009,pack,21,0.0,synthetic-v1
DEMO-009,pack,22,0.0,synthetic-v1
DEMO-009,pack,23,0.0,synthetic-v1
DEMO-009,pack,24,0.0,synthetic-v1
DEMO-009,pack,25,0.0,synthetic-v1
DEMO-009,pack,26,0.0,synthetic-v1
DEMO-009,pack,27,0.0,synthetic-v1
DEMO-009,pack,28,0.037,synthetic-v1
DEMO-009,pack,29,0.104,synthetic-v1
DEMO-009,pack,30,0.214,synthetic-v1
DEMO-009,pack,31,0.363,synthetic-v1
DEMO-009,pack,32,0.529,synthetic-v1
DEMO-009,pack,33,0.682,synthetic-v1
DEMO-009,pack,34,0.798,synthetic-v1
DEMO-009,pack,35,0.871,synthetic-v1
DEMO-009,pack,36,0.916,synthetic-v1
DEMO-009,pack,37,0.961,synthetic-v1
DEMO-009,pack,38,1.034,synthetic-v1
DEMO-009,pack,39,1.15,synthetic-v1
DEMO-009,pack,40,1.303,synthetic-v1
DEMO-009,pack,41,1.469,synthetic-v1
DEMO-009,pack,42,1.618,synthetic-v1
DEMO-009,pack,43,1.727,synthetic-v1
DEMO-009,pack,44,1.795,synthetic-v1
DEMO-009,pack,45,1.838,synthetic-v1
DEMO-009,pack,46,1.885,synthetic-v1
DEMO-009,pack,47,1.965,synthetic-v1
DEMO-009,pack,48,2.087,synthetic-v1
DEMO-009,pack,49,2.244,synthetic-v1
DEMO-009,pack,50,2.41,synthetic-v1
DEMO-009,pack,51,2.553,synthetic-v1
DEMO-009,pack,52,2.656,synthetic-v1
DEMO-009,pack,53,2.718,synthetic-v1
DEMO-009,pack,54,2.76,synthetic-v1
DEMO-009,pack,55,2.811,synthetic-v1
DEMO-009,pack,56,2.896,synthetic-v1
DEMO-009,pack,57,3.025,synthetic-v1
DEMO-009,pack,58,3.185,synthetic-v1
DEMO-009,pack,59,3.349,synthetic-v1
DEMO-009,pack,60,3.487,synthetic-v1
DEMO-009,actuator,1,229.551,synthetic-v1
DEMO-009,actuator,2,230.487,synthetic-v1
DEMO-009,actuator,3,232.586,synthetic-v1
DEMO-009,actuator,4,235.675,synthetic-v1
DEMO-009,actuator,5,239.102,synthetic-v1
DEMO-009,actuator,6,242.054,synthetic-v1
DEMO-009,actuator,7,243.945,synthetic-v1
DEMO-009,actuator,8,244.703,synthetic-v1
DEMO-009,actuator,9,244.803,synthetic-v1
DEMO-009,actuator,10,245.039,synthetic-v1
DEMO-009,actuator,11,246.138,synthetic-v1
DEMO-009,actuator,12,248.411,synthetic-v1
DEMO-009,actuator,13,251.6,synthetic-v1
DEMO-009,actuator,14,255.007,synthetic-v1
DEMO-009,actuator,15,257.826,synthetic-v1
DEMO-009,actuator,16,259.537,synthetic-v1
DEMO-009,actuator,17,260.154,synthetic-v1
DEMO-009,actuator,18,260.221,synthetic-v1
DEMO-009,actuator,19,260.547,synthetic-v1
DEMO-009,actuator,20,261.816,synthetic-v1
DEMO-009,actuator,21,264.257,synthetic-v1
DEMO-009,actuator,22,267.531,synthetic-v1
DEMO-009,actuator,23,270.898,synthetic-v1
DEMO-009,actuator,24,273.572,synthetic-v1
DEMO-009,actuator,25,275.103,synthetic-v1
DEMO-009,actuator,26,275.592,synthetic-v1
DEMO-009,actuator,27,275.645,synthetic-v1
DEMO-009,actuator,28,276.077,synthetic-v1
DEMO-009,actuator,29,277.522,synthetic-v1
DEMO-009,actuator,30,280.123,synthetic-v1
DEMO-009,actuator,31,283.464,synthetic-v1
DEMO-009,actuator,32,286.772,synthetic-v1
DEMO-009,actuator,33,289.291,synthetic-v1
DEMO-009,actuator,34,290.644,synthetic-v1
DEMO-009,actuator,35,291.02,synthetic-v1
DEMO-009,actuator,36,291.078,synthetic-v1
DEMO-009,actuator,37,291.631,synthetic-v1
DEMO-009,actuator,38,293.255,synthetic-v1
DEMO-009,actuator,39,296.006,synthetic-v1
DEMO-009,actuator,40,299.396,synthetic-v1
DEMO-009,actuator,41,302.628,synthetic-v1
DEMO-009,actuator,42,304.983,synthetic-v1
DEMO-009,actuator,43,306.163,synthetic-v1
DEMO-009,actuator,44,306.44,synthetic-v1
DEMO-009,actuator,45,306.522,synthetic-v1
DEMO-009,actuator,46,307.211,synthetic-v1
DEMO-009,actuator,47,309.015,synthetic-v1
DEMO-009,actuator,48,311.904,synthetic-v1
DEMO-009,actuator,49,315.324,synthetic-v1
DEMO-009,actuator,50,318.463,synthetic-v1
DEMO-009,actuator,51,320.647,synthetic-v1
DEMO-009,actuator,52,321.66,synthetic-v1
DEMO-009,actuator,53,321.856,synthetic-v1
DEMO-009,actuator,54,321.981,synthetic-v1
DEMO-009,actuator,55,322.816,synthetic-v1
DEMO-009,actuator,56,324.8,synthetic-v1
DEMO-009,actuator,57,327.815,synthetic-v1
DEMO-009,actuator,58,331.246,synthetic-v1
DEMO-009,actuator,59,334.276,synthetic-v1
DEMO-009,actuator,60,336.283,synthetic-v1
DEMO-010,apu,1,28.81,synthetic-v1
DEMO-010,apu,2,28.847,synthetic-v1
DEMO-010,apu,3,28.884,synthetic-v1
DEMO-010,apu,4,29.005,synthetic-v1
DEMO-010,apu,5,29.255,synthetic-v1
DEMO-010,apu,6,29.617,synthetic-v1
DEMO-010,apu,7,30.017,synthetic-v1
DEMO-010,apu,8,30.366,synthetic-v1
DEMO-010,apu,9,30.598,synthetic-v1
DEMO-010,apu,10,30.704,synthetic-v1
DEMO-010,apu,11,30.735,synthetic-v1
DEMO-010,apu,12,30.78,synthetic-v1
DEMO-010,apu,13,30.919,synthetic-v1
DEMO-010,apu,14,31.189,synthetic-v1
DEMO-010,apu,15,31.561,synthetic-v1
DEMO-010,apu,16,31.96,synthetic-v1
DEMO-010,apu,17,32.295,synthetic-v1
DEMO-010,apu,18,32.507,synthetic-v1
DEMO-010,apu,19,32.597,synthetic-v1
DEMO-010,apu,20,32.624,synthetic-v1
DEMO-010,apu,21,32.678,synthetic-v1
DEMO-010,apu,22,32.836,synthetic-v1
DEMO-010,apu,23,33.125,synthetic-v1
DEMO-010,apu,24,33.507,synthetic-v1
DEMO-010,apu,25,33.901,synthetic-v1
DEMO-010,apu,26,34.22,synthetic-v1
DEMO-010,apu,27,34.412,synthetic-v1
DEMO-010,apu,28,34.488,synthetic-v1
DEMO-010,apu,29,34.513,synthetic-v1
DEMO-010,apu,30,34.579,synthetic-v1
DEMO-010,apu,31,34.757,synthetic-v1
DEMO-010,apu,32,35.063,synthetic-v1
DEMO-010,apu,33,35.453,synthetic-v1
DEMO-010,apu,34,35.841,synthetic-v1
DEMO-010,apu,35,36.142,synthetic-v1
DEMO-010,apu,36,36.315,synthetic-v1
DEMO-010,apu,37,36.378,synthetic-v1
DEMO-010,apu,38,36.403,synthetic-v1
DEMO-010,apu,39,36.483,synthetic-v1
DEMO-010,apu,40,36.68,synthetic-v1
DEMO-010,apu,41,37.003,synthetic-v1
DEMO-010,apu,42,37.399,synthetic-v1
DEMO-010,apu,43,37.778,synthetic-v1
DEMO-010,apu,44,38.062,synthetic-v1
DEMO-010,apu,45,38.215,synthetic-v1
DEMO-010,apu,46,38.267,synthetic-v1
DEMO-010,apu,47,38.295,synthetic-v1
DEMO-010,apu,48,38.389,synthetic-v1
DEMO-010,apu,49,38.606,synthetic-v1
DEMO-010,apu,50,38.945,synthetic-v1
DEMO-010,apu,51,39.344,synthetic-v1
DEMO-010,apu,52,39.714,synthetic-v1
DEMO-010,apu,53,39.978,synthetic-v1
DEMO-010,apu,54,40.113,synthetic-v1
DEMO-010,apu,55,40.155,synthetic-v1
DEMO-010,apu,56,40.188,synthetic-v1
DEMO-010,apu,57,40.298,synthetic-v1
DEMO-010,apu,58,40.535,synthetic-v1
DEMO-010,apu,59,40.888,synthetic-v1
DEMO-010,apu,60,41.289,synthetic-v1
DEMO-010,brakes,1,1.022,synthetic-v1
DEMO-010,brakes,2,1.087,synthetic-v1
DEMO-010,brakes,3,1.173,synthetic-v1
DEMO-010,brakes,4,1.307,synthetic-v1
DEMO-010,brakes,5,1.492,synthetic-v1
DEMO-010,brakes,6,1.705,synthetic-v1
DEMO-010,brakes,7,1.911,synthetic-v1
DEMO-010,brakes,8,2.078,synthetic-v1
DEMO-010,brakes,9,2.194,synthetic-v1
DEMO-010,brakes,10,2.269,synthetic-v1
DEMO-010,brakes,11,2.335,synthetic-v1
DEMO-010,brakes,12,2.427,synthetic-v1
DEMO-010,brakes,13,2.569,synthetic-v1
DEMO-010,brakes,14,2.76,synthetic-v1
DEMO-010,brakes,15,2.974,synthetic-v1
DEMO-010,brakes,16,3.176,synthetic-v1
DEMO-010,brakes,17,3.336,synthetic-v1
DEMO-010,brakes,18,3.444,synthetic-v1
DEMO-010,brakes,19,3.515,synthetic-v1
DEMO-010,brakes,20,3.583,synthetic-v1
DEMO-010,brakes,21,3.682,synthetic-v1
DEMO-010,brakes,22,3.832,synthetic-v1
DEMO-010,brakes,23,4.028,synthetic-v1
DEMO-010,brakes,24,4.243,synthetic-v1
DEMO-010,brakes,25,4.441,synthetic-v1
DEMO-010,brakes,26,4.593,synthetic-v1
DEMO-010,brakes,27,4.694,synthetic-v1
DEMO-010,brakes,28,4.762,synthetic-v1
DEMO-010,brakes,29,4.833,synthetic-v1
DEMO-010,brakes,30,4.939,synthetic-v1
DEMO-010,brakes,31,5.097,synthetic-v1
DEMO-010,brakes,32,5.298,synthetic-v1
DEMO-010,brakes,33,5.512,synthetic-v1
DEMO-010,brakes,34,5.704,synthetic-v1
DEMO-010,brakes,35,5.848,synthetic-v1
DEMO-010,brakes,36,5.943,synthetic-v1
DEMO-010,brakes,37,6.009,synthetic-v1
DEMO-010,brakes,38,6.083,synthetic-v1
DEMO-010,brakes,39,6.196,synthetic-v1
DEMO-010,brakes,40,6.362,synthetic-v1
DEMO-010,brakes,41,6.567,synthetic-v1
DEMO-010,brakes,42,6.78,synthetic-v1
DEMO-010,brakes,43,6.966,synthetic-v1
DEMO-010,brakes,44,7.103,synthetic-v1
DEMO-010,brakes,45,7.191,synthetic-v1
DEMO-010,brakes,46,7.256,synthetic-v1
DEMO-010,brakes,47,7.334,synthetic-v1
DEMO-010,brakes,48,7.455,synthetic-v1
DEMO-010,brakes,49,7.628,synthetic-v1
DEMO-010,brakes,50,7.837,synthetic-v1
DEMO-010,brakes,51,8.048,synthetic-v1
DEMO-010,brakes,52,8.227,synthetic-v1
DEMO-010,brakes,53,8.356,synthetic-v1
DEMO-010,brakes,54,8.438,synthetic-v1
DEMO-010,brakes,55,8.503,synthetic-v1
DEMO-010,brakes,56,8.586,synthetic-v1
DEMO-010,brakes,57,8.715,synthetic-v1
DEMO-010,brakes,58,8.895,synthetic-v1
DEMO-010,brakes,59,9.106,synthetic-v1
DEMO-010,brakes,60,9.315,synthetic-v1
DEMO-010,hydraulic,1,1.0,synthetic-v1
DEMO-010,hydraulic,2,1.0,synthetic-v1
DEMO-010,hydraulic,3,1.0,synthetic-v1
DEMO-010,hydraulic,4,1.0,synthetic-v1
DEMO-010,hydraulic,5,1.0,synthetic-v1
DEMO-010,hydraulic,6,1.0,synthetic-v1
DEMO-010,hydraulic,7,1.0,synthetic-v1
DEMO-010,hydraulic,8,1.0,synthetic-v1
DEMO-010,hydraulic,9,1.0,synthetic-v1
DEMO-010,hydraulic,10,1.0,synthetic-v1
DEMO-010,hydraulic,11,1.0,synthetic-v1
DEMO-010,hydraulic,12,1.0,synthetic-v1
DEMO-010,hydraulic,13,1.0,synthetic-v1
DEMO-010,hydraulic,14,1.0,synthetic-v1
DEMO-010,hydraulic,15,1.0,synthetic-v1
DEMO-010,hydraulic,16,1.0,synthetic-v1
DEMO-010,hydraulic,17,1.0,synthetic-v1
DEMO-010,hydraulic,18,1.0,synthetic-v1
DEMO-010,hydraulic,19,1.0,synthetic-v1
DEMO-010,hydraulic,20,1.0,synthetic-v1
DEMO-010,hydraulic,21,1.0,synthetic-v1
DEMO-010,hydraulic,22,1.0,synthetic-v1
DEMO-010,hydraulic,23,1.0,synthetic-v1
DEMO-010,hydraulic,24,1.037,synthetic-v1
DEMO-010,hydraulic,25,1.069,synthetic-v1
DEMO-010,hydraulic,26,1.084,synthetic-v1
DEMO-010,hydraulic,27,1.091,synthetic-v1
DEMO-010,hydraulic,28,1.1,synthetic-v1
DEMO-010,hydraulic,29,1.123,synthetic-v1
DEMO-010,hydraulic,30,1.163,synthetic-v1
DEMO-010,hydraulic,31,1.217,synthetic-v1
DEMO-010,hydraulic,32,1.272,synthetic-v1
DEMO-010,hydraulic,33,1.318,synthetic-v1
DEMO-010,hydraulic,34,1.347,synthetic-v1
DEMO-010,hydraulic,35,1.36,synthetic-v1
DEMO-010,hydraulic,36,1.366,synthetic-v1
DEMO-010,hydraulic,37,1.377,synthetic-v1
DEMO-010,hydraulic,38,1.402,synthetic-v1
DEMO-010,hydraulic,39,1.445,synthetic-v1
DEMO-010,hydraulic,40,1.499,synthetic-v1
DEMO-010,hydraulic,41,1.554,synthetic-v1
DEMO-010,hydraulic,42,1.598,synthetic-v1
DEMO-010,hydraulic,43,1.624,synthetic-v1
DEMO-010,hydraulic,44,1.635,synthetic-v1
DEMO-010,hydraulic,45,1.641,synthetic-v1
DEMO-010,hydraulic,46,1.654,synthetic-v1
DEMO-010,hydraulic,47,1.682,synthetic-v1
DEMO-010,hydraulic,48,1.727,synthetic-v1
DEMO-010,hydraulic,49,1.782,synthetic-v1
DEMO-010,hydraulic,50,1.836,synthetic-v1
DEMO-010,hydraulic,51,1.877,synthetic-v1
DEMO-010,hydraulic,52,1.901,synthetic-v1
DEMO-010,hydraulic,53,1.911,synthetic-v1
DEMO-010,hydraulic,54,1.917,synthetic-v1
DEMO-010,hydraulic,55,1.931,synthetic-v1
DEMO-010,hydraulic,56,1.962,synthetic-v1
DEMO-010,hydraulic,57,2.009,synthetic-v1
DEMO-010,hydraulic,58,2.065,synthetic-v1
DEMO-010,hydraulic,59,2.117,synthetic-v1
DEMO-010,hydraulic,60,2.156,synthetic-v1
DEMO-010,pack,1,0.0,synthetic-v1
DEMO-010,pack,2,0.0,synthetic-v1
DEMO-010,pack,3,0.0,synthetic-v1
DEMO-010,pack,4,0.0,synthetic-v1
DEMO-010,pack,5,0.0,synthetic-v1
DEMO-010,pack,6,0.0,synthetic-v1
DEMO-010,pack,7,0.0,synthetic-v1
DEMO-010,pack,8,0.0,synthetic-v1
DEMO-010,pack,9,0.0,synthetic-v1
DEMO-010,pack,10,0.0,synthetic-v1
DEMO-010,pack,11,0.0,synthetic-v1
DEMO-010,pack,12,0.0,synthetic-v1
DEMO-010,pack,13,0.0,synthetic-v1
DEMO-010,pack,14,0.0,synthetic-v1
DEMO-010,pack,15,0.0,synthetic-v1
DEMO-010,pack,16,0.0,synthetic-v1
DEMO-010,pack,17,0.0,synthetic-v1
DEMO-010,pack,18,0.0,synthetic-v1
DEMO-010,pack,19,0.0,synthetic-v1
DEMO-010,pack,20,0.096,synthetic-v1
DEMO-010,pack,21,0.259,synthetic-v1
DEMO-010,pack,22,0.444,synthetic-v1
DEMO-010,pack,23,0.62,synthetic-v1
DEMO-010,pack,24,0.762,synthetic-v1
DEMO-010,pack,25,0.86,synthetic-v1
DEMO-010,pack,26,0.927,synthetic-v1
DEMO-010,pack,27,0.989,synthetic-v1
DEMO-010,pack,28,1.077,synthetic-v1
DEMO-010,pack,29,1.206,synthetic-v1
DEMO-010,pack,30,1.375,synthetic-v1
DEMO-010,pack,31,1.561,synthetic-v1
DEMO-010,pack,32,1.733,synthetic-v1
DEMO-010,pack,33,1.868,synthetic-v1
DEMO-010,pack,34,1.96,synthetic-v1
DEMO-010,pack,35,2.024,synthetic-v1
DEMO-010,pack,36,2.089,synthetic-v1
DEMO-010,pack,37,2.182,synthetic-v1
DEMO-010,pack,38,2.318,synthetic-v1
DEMO-010,pack,39,2.491,synthetic-v1
DEMO-010,pack,40,2.677,synthetic-v1
DEMO-010,pack,41,2.844,synthetic-v1
DEMO-010,pack,42,2.973,synthetic-v1
DEMO-010,pack,43,3.059,synthetic-v1
DEMO-010,pack,44,3.122,synthetic-v1
DEMO-010,pack,45,3.189,synthetic-v1
DEMO-010,pack,46,3.288,synthetic-v1
DEMO-010,pack,47,3.431,synthetic-v1
DEMO-010,pack,48,3.607,synthetic-v1
DEMO-010,pack,49,3.792,synthetic-v1
DEMO-010,pack,50,3.955,synthetic-v1
DEMO-010,pack,51,4.077,synthetic-v1
DEMO-010,pack,52,4.158,synthetic-v1
DEMO-010,pack,53,4.219,synthetic-v1
DEMO-010,pack,54,4.29,synthetic-v1
DEMO-010,pack,55,4.395,synthetic-v1
DEMO-010,pack,56,4.544,synthetic-v1
DEMO-010,pack,57,4.724,synthetic-v1
DEMO-010,pack,58,4.907,synthetic-v1
DEMO-010,pack,59,5.065,synthetic-v1
DEMO-010,pack,60,5.18,synthetic-v1
DEMO-010,actuator,1,243.58,synthetic-v1
DEMO-010,actuator,2,246.217,synthetic-v1
DEMO-010,actuator,3,249.839,synthetic-v1
DEMO-010,actuator,4,253.792,synthetic-v1
DEMO-010,actuator,5,257.262,synthetic-v1
DEMO-010,actuator,6,259.668,synthetic-v1
DEMO-010,actuator,7,260.943,synthetic-v1
DEMO-010,actuator,8,261.567,synthetic-v1
DEMO-010,actuator,9,262.335,synthetic-v1
DEMO-010,actuator,10,263.971,synthetic-v1
DEMO-010,actuator,11,266.781,synthetic-v1
DEMO-010,actuator,12,270.503,synthetic-v1
DEMO-010,actuator,13,274.434,synthetic-v1
DEMO-010,actuator,14,277.771,synthetic-v1
DEMO-010,actuator,15,279.997,synthetic-v1
DEMO-010,actuator,16,281.132,synthetic-v1
DEMO-010,actuator,17,281.724,synthetic-v1
DEMO-010,actuator,18,282.583,synthetic-v1
DEMO-010,actuator,19,284.389,synthetic-v1
DEMO-010,actuator,20,287.367,synthetic-v1
DEMO-010,actuator,21,291.172,synthetic-v1
DEMO-010,actuator,22,295.063,synthetic-v1
DEMO-010,actuator,23,298.254,synthetic-v1
DEMO-010,actuator,24,300.3,synthetic-v1
DEMO-010,actuator,25,301.308,synthetic-v1
DEMO-010,actuator,26,301.887,synthetic-v1
DEMO-010,actuator,27,302.853,synthetic-v1
DEMO-010,actuator,28,304.836,synthetic-v1
DEMO-010,actuator,29,307.973,synthetic-v1
DEMO-010,actuator,30,311.844,synthetic-v1
DEMO-010,actuator,31,315.675,synthetic-v1
DEMO-010,actuator,32,318.71,synthetic-v1
DEMO-010,actuator,33,320.578,synthetic-v1
DEMO-010,actuator,34,321.473,synthetic-v1
DEMO-010,actuator,35,322.059,synthetic-v1
DEMO-010,actuator,36,323.147,synthetic-v1
DEMO-010,actuator,37,325.309,synthetic-v1
DEMO-010,actuator,38,328.595,synthetic-v1
DEMO-010,actuator,39,332.514,synthetic-v1
DEMO-010,actuator,40,336.268,synthetic-v1
DEMO-010,actuator,41,339.138,synthetic-v1
DEMO-010,actuator,42,340.834,synthetic-v1
DEMO-010,actuator,43,341.632,synthetic-v1
DEMO-010,actuator,44,342.242,synthetic-v1
DEMO-010,actuator,45,343.467,synthetic-v1
DEMO-010,actuator,46,345.809,synthetic-v1
DEMO-010,actuator,47,349.233,synthetic-v1
DEMO-010,actuator,48,353.181,synthetic-v1
DEMO-010,actuator,49,356.84,synthetic-v1
DEMO-010,actuator,50,359.538,synthetic-v1
DEMO-010,actuator,51,361.068,synthetic-v1
DEMO-010,actuator,52,361.786,synthetic-v1
DEMO-010,actuator,53,362.441,synthetic-v1
DEMO-010,actuator,54,363.813,synthetic-v1
DEMO-010,actuator,55,366.334,synthetic-v1
DEMO-010,actuator,56,369.883,synthetic-v1
DEMO-010,actuator,57,373.841,synthetic-v1
DEMO-010,actuator,58,377.39,synthetic-v1
DEMO-010,actuator,59,379.912,synthetic-v1
DEMO-010,actuator,60,381.283,synthetic-v1
DEMO-011,apu,1,30.281,synthetic-v1
DEMO-011,apu,2,30.377,synthetic-v1
DEMO-011,apu,3,30.557,synthetic-v1
DEMO-011,apu,4,30.867,synthetic-v1
DEMO-011,apu,5,31.288,synthetic-v1
DEMO-011,apu,6,31.747,synthetic-v1
DEMO-011,apu,7,32.154,synthetic-v1
DEMO-011,apu,8,32.443,synthetic-v1
DEMO-011,apu,9,32.606,synthetic-v1
DEMO-011,apu,10,32.696,synthetic-v1
DEMO-011,apu,11,32.799,synthetic-v1
DEMO-011,apu,12,32.998,synthetic-v1
DEMO-011,apu,13,33.328,synthetic-v1
DEMO-011,apu,14,33.759,synthetic-v1
DEMO-011,apu,15,34.216,synthetic-v1
DEMO-011,apu,16,34.608,synthetic-v1
DEMO-011,apu,17,34.878,synthetic-v1
DEMO-011,apu,18,35.025,synthetic-v1
DEMO-011,apu,19,35.111,synthetic-v1
DEMO-011,apu,20,35.224,synthetic-v1
DEMO-011,apu,21,35.442,synthetic-v1
DEMO-011,apu,22,35.79,synthetic-v1
DEMO-011,apu,23,36.231,synthetic-v1
DEMO-011,apu,24,36.684,synthetic-v1
DEMO-011,apu,25,37.06,synthetic-v1
DEMO-011,apu,26,37.309,synthetic-v1
DEMO-011,apu,27,37.443,synthetic-v1
DEMO-011,apu,28,37.526,synthetic-v1
DEMO-011,apu,29,37.652,synthetic-v1
DEMO-011,apu,30,37.889,synthetic-v1
DEMO-011,apu,31,38.255,synthetic-v1
DEMO-011,apu,32,38.704,synthetic-v1
DEMO-011,apu,33,39.15,synthetic-v1
DEMO-011,apu,34,39.509,synthetic-v1
DEMO-011,apu,35,39.738,synthetic-v1
DEMO-011,apu,36,39.859,synthetic-v1
DEMO-011,apu,37,39.943,synthetic-v1
DEMO-011,apu,38,40.082,synthetic-v1
DEMO-011,apu,39,40.339,synthetic-v1
DEMO-011,apu,40,40.722,synthetic-v1
DEMO-011,apu,41,41.176,synthetic-v1
DEMO-011,apu,42,41.614,synthetic-v1
DEMO-011,apu,43,41.954,synthetic-v1
DEMO-011,apu,44,42.165,synthetic-v1
DEMO-011,apu,45,42.274,synthetic-v1
DEMO-011,apu,46,42.361,synthetic-v1
DEMO-011,apu,47,42.515,synthetic-v1
DEMO-011,apu,48,42.792,synthetic-v1
DEMO-011,apu,49,43.19,synthetic-v1
DEMO-011,apu,50,43.648,synthetic-v1
DEMO-011,apu,51,44.075,synthetic-v1
DEMO-011,apu,52,44.397,synthetic-v1
DEMO-011,apu,53,44.589,synthetic-v1
DEMO-011,apu,54,44.689,synthetic-v1
DEMO-011,apu,55,44.781,synthetic-v1
DEMO-011,apu,56,44.95,synthetic-v1
DEMO-011,apu,57,45.248,synthetic-v1
DEMO-011,apu,58,45.66,synthetic-v1
DEMO-011,apu,59,46.119,synthetic-v1
DEMO-011,apu,60,46.534,synthetic-v1
DEMO-011,brakes,1,7.588,synthetic-v1
DEMO-011,brakes,2,7.597,synthetic-v1
DEMO-011,brakes,3,7.654,synthetic-v1
DEMO-011,brakes,4,7.76,synthetic-v1
DEMO-011,brakes,5,7.895,synthetic-v1
DEMO-011,brakes,6,8.024,synthetic-v1
DEMO-011,brakes,7,8.113,synthetic-v1
DEMO-011,brakes,8,8.149,synthetic-v1
DEMO-011,brakes,9,8.146,synthetic-v1
DEMO-011,brakes,10,8.134,synthetic-v1
DEMO-011,brakes,11,8.149,synthetic-v1
DEMO-011,brakes,12,8.214,synthetic-v1
DEMO-011,brakes,13,8.327,synthetic-v1
DEMO-011,brakes,14,8.463,synthetic-v1
DEMO-011,brakes,15,8.587,synthetic-v1
DEMO-011,brakes,16,8.668,synthetic-v1
DEMO-011,brakes,17,8.698,synthetic-v1
DEMO-011,brakes,18,8.691,synthetic-v1
DEMO-011,brakes,19,8.681,synthetic-v1
DEMO-011,brakes,20,8.702,synthetic-v1
DEMO-011,brakes,21,8.775,synthetic-v1
DEMO-011,brakes,22,8.893,synthetic-v1
DEMO-011,brakes,23,9.03,synthetic-v1
DEMO-011,brakes,24,9.149,synthetic-v1
DEMO-011,brakes,25,9.223,synthetic-v1
DEMO-011,brakes,26,9.245,synthetic-v1
DEMO-011,brakes,27,9.236,synthetic-v1
DEMO-011,brakes,28,9.228,synthetic-v1
DEMO-011,brakes,29,9.257,synthetic-v1
DEMO-011,brakes,30,9.337,synthetic-v1
DEMO-011,brakes,31,9.461,synthetic-v1
DEMO-011,brakes,32,9.597,synthetic-v1
DEMO-011,brakes,33,9.711,synthetic-v1
DEMO-011,brakes,34,9.776,synthetic-v1
DEMO-011,brakes,35,9.792,synthetic-v1
DEMO-011,brakes,36,9.78,synthetic-v1
DEMO-011,brakes,37,9.777,synthetic-v1
DEMO-011,brakes,38,9.812,synthetic-v1
DEMO-011,brakes,39,9.9,synthetic-v1
DEMO-011,brakes,40,10.028,synthetic-v1
DEMO-011,brakes,41,10.163,synthetic-v1
DEMO-011,brakes,42,10.271,synthetic-v1
DEMO-011,brakes,43,10.328,synthetic-v1
DEMO-011,brakes,44,10.338,synthetic-v1
DEMO-011,brakes,45,10.325,synthetic-v1
DEMO-011,brakes,46,10.326,synthetic-v1
DEMO-011,brakes,47,10.369,synthetic-v1
DEMO-011,brakes,48,10.465,synthetic-v1
DEMO-011,brakes,49,10.596,synthetic-v1
DEMO-011,brakes,50,10.729,synthetic-v1
DEMO-011,brakes,51,10.83,synthetic-v1
DEMO-011,brakes,52,10.879,synthetic-v1
DEMO-011,brakes,53,10.884,synthetic-v1
DEMO-011,brakes,54,10.87,synthetic-v1
DEMO-011,brakes,55,10.876,synthetic-v1
DEMO-011,brakes,56,10.927,synthetic-v1
DEMO-011,brakes,57,11.03,synthetic-v1
DEMO-011,brakes,58,11.163,synthetic-v1
DEMO-011,brakes,59,11.294,synthetic-v1
DEMO-011,brakes,60,11.388,synthetic-v1
DEMO-011,hydraulic,1,1.0,synthetic-v1
DEMO-011,hydraulic,2,1.0,synthetic-v1
DEMO-011,hydraulic,3,1.0,synthetic-v1
DEMO-011,hydraulic,4,1.0,synthetic-v1
DEMO-011,hydraulic,5,1.0,synthetic-v1
DEMO-011,hydraulic,6,1.0,synthetic-v1
DEMO-011,hydraulic,7,1.0,synthetic-v1
DEMO-011,hydraulic,8,1.0,synthetic-v1
DEMO-011,hydraulic,9,1.0,synthetic-v1
DEMO-011,hydraulic,10,1.0,synthetic-v1
DEMO-011,hydraulic,11,1.0,synthetic-v1
DEMO-011,hydraulic,12,1.0,synthetic-v1
DEMO-011,hydraulic,13,1.0,synthetic-v1
DEMO-011,hydraulic,14,1.047,synthetic-v1
DEMO-011,hydraulic,15,1.089,synthetic-v1
DEMO-011,hydraulic,16,1.114,synthetic-v1
DEMO-011,hydraulic,17,1.129,synthetic-v1
DEMO-011,hydraulic,18,1.145,synthetic-v1
DEMO-011,hydraulic,19,1.173,synthetic-v1
DEMO-011,hydraulic,20,1.219,synthetic-v1
DEMO-011,hydraulic,21,1.279,synthetic-v1
DEMO-011,hydraulic,22,1.342,synthetic-v1
DEMO-011,hydraulic,23,1.398,synthetic-v1
DEMO-011,hydraulic,24,1.437,synthetic-v1
DEMO-011,hydraulic,25,1.46,synthetic-v1
DEMO-011,hydraulic,26,1.474,synthetic-v1
DEMO-011,hydraulic,27,1.491,synthetic-v1
DEMO-011,hydraulic,28,1.522,synthetic-v1
DEMO-011,hydraulic,29,1.571,synthetic-v1
DEMO-011,hydraulic,30,1.632,synthetic-v1
DEMO-011,hydraulic,31,1.695,synthetic-v1
DEMO-011,hydraulic,32,1.748,synthetic-v1
DEMO-011,hydraulic,33,1.785,synthetic-v1
DEMO-011,hydraulic,34,1.806,synthetic-v1
DEMO-011,hydraulic,35,1.82,synthetic-v1
DEMO-011,hydraulic,36,1.838,synthetic-v1
DEMO-011,hydraulic,37,1.872,synthetic-v1
DEMO-011,hydraulic,38,1.923,synthetic-v1
DEMO-011,hydraulic,39,1.985,synthetic-v1
DEMO-011,hydraulic,40,2.047,synthetic-v1
DEMO-011,hydraulic,41,2.098,synthetic-v1
DEMO-011,hydraulic,42,2.132,synthetic-v1
DEMO-011,hydraulic,43,2.151,synthetic-v1
DEMO-011,hydraulic,44,2.165,synthetic-v1
DEMO-011,hydraulic,45,2.186,synthetic-v1
DEMO-011,hydraulic,46,2.222,synthetic-v1
DEMO-011,hydraulic,47,2.275,synthetic-v1
DEMO-011,hydraulic,48,2.338,synthetic-v1
DEMO-011,hydraulic,49,2.399,synthetic-v1
DEMO-011,hydraulic,50,2.448,synthetic-v1
DEMO-011,hydraulic,51,2.479,synthetic-v1
DEMO-011,hydraulic,52,2.497,synthetic-v1
DEMO-011,hydraulic,53,2.511,synthetic-v1
DEMO-011,hydraulic,54,2.533,synthetic-v1
DEMO-011,hydraulic,55,2.572,synthetic-v1
DEMO-011,hydraulic,56,2.627,synthetic-v1
DEMO-011,hydraulic,57,2.691,synthetic-v1
DEMO-011,hydraulic,58,2.751,synthetic-v1
DEMO-011,hydraulic,59,2.797,synthetic-v1
DEMO-011,hydraulic,60,2.826,synthetic-v1
DEMO-011,pack,1,3.289,synthetic-v1
DEMO-011,pack,2,3.377,synthetic-v1
DEMO-011,pack,3,3.494,synthetic-v1
DEMO-011,pack,4,3.61,synthetic-v1
DEMO-011,pack,5,3.699,synthetic-v1
DEMO-011,pack,6,3.744,synthetic-v1
DEMO-011,pack,7,3.753,synthetic-v1
DEMO-011,pack,8,3.748,synthetic-v1
DEMO-011,pack,9,3.761,synthetic-v1
DEMO-011,pack,10,3.813,synthetic-v1
DEMO-011,pack,11,3.907,synthetic-v1
DEMO-011,pack,12,4.025,synthetic-v1
DEMO-011,pack,13,4.139,synthetic-v1
DEMO-011,pack,14,4.222,synthetic-v1
DEMO-011,pack,15,4.261,synthetic-v1
DEMO-011,pack,16,4.266,synthetic-v1
DEMO-011,pack,17,4.262,synthetic-v1
DEMO-011,pack,18,4.279,synthetic-v1
DEMO-011,pack,19,4.338,synthetic-v1
DEMO-011,pack,20,4.437,synthetic-v1
DEMO-011,pack,21,4.557,synthetic-v1
DEMO-011,pack,22,4.668,synthetic-v1
DEMO-011,pack,23,4.744,synthetic-v1
DEMO-011,pack,24,4.777,synthetic-v1
DEMO-011,pack,25,4.778,synthetic-v1
DEMO-011,pack,26,4.776,synthetic-v1
DEMO-011,pack,27,4.799,synthetic-v1
DEMO-011,pack,28,4.864,synthetic-v1
DEMO-011,pack,29,4.968,synthetic-v1
DEMO-011,pack,30,5.088,synthetic-v1
DEMO-011,pack,31,5.195,synthetic-v1
DEMO-011,pack,32,5.265,synthetic-v1
DEMO-011,pack,33,5.292,synthetic-v1
DEMO-011,pack,34,5.291,synthetic-v1
DEMO-011,pack,35,5.29,synthetic-v1
DEMO-011,pack,36,5.319,synthetic-v1
DEMO-011,pack,37,5.39,synthetic-v1
DEMO-011,pack,38,5.499,synthetic-v1
DEMO-011,pack,39,5.619,synthetic-v1
DEMO-011,pack,40,5.722,synthetic-v1
DEMO-011,pack,41,5.785,synthetic-v1
DEMO-011,pack,42,5.806,synthetic-v1
DEMO-011,pack,43,5.803,synthetic-v1
DEMO-011,pack,44,5.805,synthetic-v1
DEMO-011,pack,45,5.84,synthetic-v1
DEMO-011,pack,46,5.918,synthetic-v1
DEMO-011,pack,47,6.03,synthetic-v1
DEMO-011,pack,48,6.15,synthetic-v1
DEMO-011,pack,49,6.247,synthetic-v1
DEMO-011,pack,50,6.304,synthetic-v1
DEMO-011,pack,51,6.32,synthetic-v1
DEMO-011,pack,52,6.316,synthetic-v1
DEMO-011,pack,53,6.321,synthetic-v1
DEMO-011,pack,54,6.362,synthetic-v1
DEMO-011,pack,55,6.447,synthetic-v1
DEMO-011,pack,56,6.562,synthetic-v1
DEMO-011,pack,57,6.68,synthetic-v1
DEMO-011,pack,58,6.772,synthetic-v1
DEMO-011,pack,59,6.822,synthetic-v1
DEMO-011,pack,60,6.833,synthetic-v1
DEMO-011,actuator,1,259.507,synthetic-v1
DEMO-011,actuator,2,263.95,synthetic-v1
DEMO-011,actuator,3,268.234,synthetic-v1
DEMO-011,actuator,4,271.638,synthetic-v1
DEMO-011,actuator,5,273.867,synthetic-v1
DEMO-011,actuator,6,275.196,synthetic-v1
DEMO-011,actuator,7,276.331,synthetic-v1
DEMO-011,actuator,8,278.076,synthetic-v1
DEMO-011,actuator,9,280.937,synthetic-v1
DEMO-011,actuator,10,284.882,synthetic-v1
DEMO-011,actuator,11,289.356,synthetic-v1
DEMO-011,actuator,12,293.546,synthetic-v1
DEMO-011,actuator,13,296.778,synthetic-v1
DEMO-011,actuator,14,298.841,synthetic-v1
DEMO-011,actuator,15,300.088,synthetic-v1
DEMO-011,actuator,16,301.267,synthetic-v1
DEMO-011,actuator,17,303.159,synthetic-v1
DEMO-011,actuator,18,306.2,synthetic-v1
DEMO-011,actuator,19,310.27,synthetic-v1
DEMO-011,actuator,20,314.754,synthetic-v1
DEMO-011,actuator,21,318.835,synthetic-v1
DEMO-011,actuator,22,321.891,synthetic-v1
DEMO-011,actuator,23,323.796,synthetic-v1
DEMO-011,actuator,24,324.979,synthetic-v1
DEMO-011,actuator,25,326.22,synthetic-v1
DEMO-011,actuator,26,328.27,synthetic-v1
DEMO-011,actuator,27,331.487,synthetic-v1
DEMO-011,actuator,28,335.668,synthetic-v1
DEMO-011,actuator,29,340.143,synthetic-v1
DEMO-011,actuator,30,344.1,synthetic-v1
DEMO-011,actuator,31,346.976,synthetic-v1
DEMO-011,actuator,32,348.733,synthetic-v1
DEMO-011,actuator,33,349.872,synthetic-v1
DEMO-011,actuator,34,351.192,synthetic-v1
DEMO-011,actuator,35,353.408,synthetic-v1
DEMO-011,actuator,36,356.797,synthetic-v1
DEMO-011,actuator,37,361.073,synthetic-v1
DEMO-011,actuator,38,365.52,synthetic-v1
DEMO-011,actuator,39,369.339,synthetic-v1
DEMO-011,actuator,40,372.035,synthetic-v1
DEMO-011,actuator,41,373.656,synthetic-v1
DEMO-011,actuator,42,374.768,synthetic-v1
DEMO-011,actuator,43,376.186,synthetic-v1
DEMO-011,actuator,44,378.573,synthetic-v1
DEMO-011,actuator,45,382.128,synthetic-v1
DEMO-011,actuator,46,386.482,synthetic-v1
DEMO-011,actuator,47,390.882,synthetic-v1
DEMO-011,actuator,48,394.552,synthetic-v1
DEMO-011,actuator,49,397.069,synthetic-v1
DEMO-011,actuator,50,398.567,synthetic-v1
DEMO-011,actuator,51,399.672,synthetic-v1
DEMO-011,actuator,52,401.202,synthetic-v1
DEMO-011,actuator,53,403.766,synthetic-v1
DEMO-011,actuator,54,407.477,synthetic-v1
DEMO-011,actuator,55,411.892,synthetic-v1
DEMO-011,actuator,56,416.227,synthetic-v1
DEMO-011,actuator,57,419.738,synthetic-v1
DEMO-011,actuator,58,422.079,synthetic-v1
DEMO-011,actuator,59,423.469,synthetic-v1
DEMO-011,actuator,60,424.586,synthetic-v1
DEMO-012,apu,1,31.752,synthetic-v1
DEMO-012,apu,2,31.993,synthetic-v1
DEMO-012,apu,3,32.362,synthetic-v1
DEMO-012,apu,4,32.842,synthetic-v1
DEMO-012,apu,5,33.359,synthetic-v1
DEMO-012,apu,6,33.824,synthetic-v1
DEMO-012,apu,7,34.17,synthetic-v1
DEMO-012,apu,8,34.391,synthetic-v1
DEMO-012,apu,9,34.539,synthetic-v1
DEMO-012,apu,10,34.702,synthetic-v1
DEMO-012,apu,11,34.96,synthetic-v1
DEMO-012,apu,12,35.349,synthetic-v1
DEMO-012,apu,13,35.84,synthetic-v1
DEMO-012,apu,14,36.355,synthetic-v1
DEMO-012,apu,15,36.805,synthetic-v1
DEMO-012,apu,16,37.131,synthetic-v1
DEMO-012,apu,17,37.336,synthetic-v1
DEMO-012,apu,18,37.48,synthetic-v1
DEMO-012,apu,19,37.653,synthetic-v1
DEMO-012,apu,20,37.931,synthetic-v1
DEMO-012,apu,21,38.338,synthetic-v1
DEMO-012,apu,22,38.839,synthetic-v1
DEMO-012,apu,23,39.349,synthetic-v1
DEMO-012,apu,24,39.783,synthetic-v1
DEMO-012,apu,25,40.089,synthetic-v1
DEMO-012,apu,26,40.28,synthetic-v1
DEMO-012,apu,27,40.423,synthetic-v1
DEMO-012,apu,28,40.607,synthetic-v1
DEMO-012,apu,29,40.904,synthetic-v1
DEMO-012,apu,30,41.33,synthetic-v1
DEMO-012,apu,31,41.837,synthetic-v1
DEMO-012,apu,32,42.342,synthetic-v1
DEMO-012,apu,33,42.758,synthetic-v1
DEMO-012,apu,34,43.045,synthetic-v1
DEMO-012,apu,35,43.223,synthetic-v1
DEMO-012,apu,36,43.366,synthetic-v1
DEMO-012,apu,37,43.564,synthetic-v1
DEMO-012,apu,38,43.881,synthetic-v1
DEMO-012,apu,39,44.323,synthetic-v1
DEMO-012,apu,40,44.836,synthetic-v1
DEMO-012,apu,41,45.332,synthetic-v1
DEMO-012,apu,42,45.73,synthetic-v1
DEMO-012,apu,43,45.998,synthetic-v1
DEMO-012,apu,44,46.165,synthetic-v1
DEMO-012,apu,45,46.311,synthetic-v1
DEMO-012,apu,46,46.524,synthetic-v1
DEMO-012,apu,47,46.86,synthetic-v1
DEMO-012,apu,48,47.318,synthetic-v1
DEMO-012,apu,49,47.835,synthetic-v1
DEMO-012,apu,50,48.32,synthetic-v1
DEMO-012,apu,51,48.699,synthetic-v1
DEMO-012,apu,52,48.948,synthetic-v1
DEMO-012,apu,53,49.106,synthetic-v1
DEMO-012,apu,54,49.257,synthetic-v1
DEMO-012,apu,55,49.486,synthetic-v1
DEMO-012,apu,56,49.843,synthetic-v1
DEMO-012,apu,57,50.314,synthetic-v1
DEMO-012,apu,58,50.832,synthetic-v1
DEMO-012,apu,59,51.305,synthetic-v1
DEMO-012,apu,60,51.665,synthetic-v1
DEMO-012,brakes,1,0.0,synthetic-v1
DEMO-012,brakes,2,0.0,synthetic-v1
DEMO-012,brakes,3,0.0,synthetic-v1
DEMO-012,brakes,4,0.0,synthetic-v1
DEMO-012,brakes,5,0.097,synthetic-v1
DEMO-012,brakes,6,0.178,synthetic-v1
DEMO-012,brakes,7,0.212,synthetic-v1
DEMO-012,brakes,8,0.222,synthetic-v1
DEMO-012,brakes,9,0.246,synthetic-v1
DEMO-012,brakes,10,0.313,synthetic-v1
DEMO-012,brakes,11,0.431,synthetic-v1
DEMO-012,brakes,12,0.585,synthetic-v1
DEMO-012,brakes,13,0.742,synthetic-v1
DEMO-012,brakes,14,0.867,synthetic-v1
DEMO-012,brakes,15,0.94,synthetic-v1
DEMO-012,brakes,16,0.968,synthetic-v1
DEMO-012,brakes,17,0.978,synthetic-v1
DEMO-012,brakes,18,1.007,synthetic-v1
DEMO-012,brakes,19,1.081,synthetic-v1
DEMO-012,brakes,20,1.207,synthetic-v1
DEMO-012,brakes,21,1.364,synthetic-v1
DEMO-012,brakes,22,1.518,synthetic-v1
DEMO-012,brakes,23,1.635,synthetic-v1
DEMO-012,brakes,24,1.701,synthetic-v1
DEMO-012,brakes,25,1.724,synthetic-v1
DEMO-012,brakes,26,1.734,synthetic-v1
DEMO-012,brakes,27,1.769,synthetic-v1
DEMO-012,brakes,28,1.851,synthetic-v1
DEMO-012,brakes,29,1.983,synthetic-v1
DEMO-012,brakes,30,2.142,synthetic-v1
DEMO-012,brakes,31,2.292,synthetic-v1
DEMO-012,brakes,32,2.402,synthetic-v1
DEMO-012,brakes,33,2.46,synthetic-v1
DEMO-012,brakes,34,2.479,synthetic-v1
DEMO-012,brakes,35,2.491,synthetic-v1
DEMO-012,brakes,36,2.532,synthetic-v1
DEMO-012,brakes,37,2.622,synthetic-v1
DEMO-012,brakes,38,2.76,synthetic-v1
DEMO-012,brakes,39,2.92,synthetic-v1
DEMO-012,brakes,40,3.066,synthetic-v1
DEMO-012,brakes,41,3.168,synthetic-v1
DEMO-012,brakes,42,3.219,synthetic-v1
DEMO-012,brakes,43,3.235,synthetic-v1
DEMO-012,brakes,44,3.249,synthetic-v1
DEMO-012,brakes,45,3.296,synthetic-v1
DEMO-012,brakes,46,3.394,synthetic-v1
DEMO-012,brakes,47,3.537,synthetic-v1
DEMO-012,brakes,48,3.698,synthetic-v1
DEMO-012,brakes,49,3.839,synthetic-v1
DEMO-012,brakes,50,3.933,synthetic-v1
DEMO-012,brakes,51,3.977,synthetic-v1
DEMO-012,brakes,52,3.99,synthetic-v1
DEMO-012,brakes,53,4.007,synthetic-v1
DEMO-012,brakes,54,4.061,synthetic-v1
DEMO-012,brakes,55,4.167,synthetic-v1
DEMO-012,brakes,56,4.315,synthetic-v1
DEMO-012,brakes,57,4.475,synthetic-v1
DEMO-012,brakes,58,4.61,synthetic-v1
DEMO-012,brakes,59,4.697,synthetic-v1
DEMO-012,brakes,60,4.734,synthetic-v1
DEMO-012,hydraulic,1,1.0,synthetic-v1
DEMO-012,hydraulic,2,1.0,synthetic-v1
DEMO-012,hydraulic,3,1.0,synthetic-v1
DEMO-012,hydraulic,4,1.0,synthetic-v1
DEMO-012,hydraulic,5,1.0,synthetic-v1
DEMO-012,hydraulic,6,1.0,synthetic-v1
DEMO-012,hydraulic,7,1.011,synthetic-v1
DEMO-012,hydraulic,8,1.034,synthetic-v1
DEMO-012,hydraulic,9,1.068,synthetic-v1
DEMO-012,hydraulic,10,1.119,synthetic-v1
DEMO-012,hydraulic,11,1.185,synthetic-v1
DEMO-012,hydraulic,12,1.257,synthetic-v1
DEMO-012,hydraulic,13,1.322,synthetic-v1
DEMO-012,hydraulic,14,1.371,synthetic-v1
DEMO-012,hydraulic,15,1.404,synthetic-v1
DEMO-012,hydraulic,16,1.427,synthetic-v1
DEMO-012,hydraulic,17,1.45,synthetic-v1
DEMO-012,hydraulic,18,1.487,synthetic-v1
DEMO-012,hydraulic,19,1.541,synthetic-v1
DEMO-012,hydraulic,20,1.608,synthetic-v1
DEMO-012,hydraulic,21,1.68,synthetic-v1
DEMO-012,hydraulic,22,1.743,synthetic-v1
DEMO-012,hydraulic,23,1.79,synthetic-v1
DEMO-012,hydraulic,24,1.82,synthetic-v1
DEMO-012,hydraulic,25,1.842,synthetic-v1
DEMO-012,hydraulic,26,1.867,synthetic-v1
DEMO-012,hydraulic,27,1.906,synthetic-v1
DEMO-012,hydraulic,28,1.963,synthetic-v1
DEMO-012,hydraulic,29,2.031,synthetic-v1
DEMO-012,hydraulic,30,2.102,synthetic-v1
DEMO-012,hydraulic,31,2.163,synthetic-v1
DEMO-012,hydraulic,32,2.208,synthetic-v1
DEMO-012,hydraulic,33,2.236,synthetic-v1
DEMO-012,hydraulic,34,2.258,synthetic-v1
DEMO-012,hydraulic,35,2.285,synthetic-v1
DEMO-012,hydraulic,36,2.326,synthetic-v1
DEMO-012,hydraulic,37,2.385,synthetic-v1
DEMO-012,hydraulic,38,2.455,synthetic-v1
DEMO-012,hydraulic,39,2.525,synthetic-v1
DEMO-012,hydraulic,40,2.584,synthetic-v1
DEMO-012,hydraulic,41,2.625,synthetic-v1
DEMO-012,hydraulic,42,2.652,synthetic-v1
DEMO-012,hydraulic,43,2.674,synthetic-v1
DEMO-012,hydraulic,44,2.702,synthetic-v1
DEMO-012,hydraulic,45,2.746,synthetic-v1
DEMO-012,hydraulic,46,2.807,synthetic-v1
DEMO-012,hydraulic,47,2.878,synthetic-v1
DEMO-012,hydraulic,48,2.947,synthetic-v1
DEMO-012,hydraulic,49,3.003,synthetic-v1
DEMO-012,hydraulic,50,3.042,synthetic-v1
DEMO-012,hydraulic,51,3.068,synthetic-v1
DEMO-012,hydraulic,52,3.09,synthetic-v1
DEMO-012,hydraulic,53,3.12,synthetic-v1
DEMO-012,hydraulic,54,3.167,synthetic-v1
DEMO-012,hydraulic,55,3.23,synthetic-v1
DEMO-012,hydraulic,56,3.301,synthetic-v1
DEMO-012,hydraulic,57,3.369,synthetic-v1
DEMO-012,hydraulic,58,3.423,synthetic-v1
DEMO-012,hydraulic,59,3.459,synthetic-v1
DEMO-012,hydraulic,60,3.483,synthetic-v1
DEMO-012,pack,1,3.869,synthetic-v1
DEMO-012,pack,2,4.005,synthetic-v1
DEMO-012,pack,3,4.141,synthetic-v1
DEMO-012,pack,4,4.249,synthetic-v1
DEMO-012,pack,5,4.314,synthetic-v1
DEMO-012,pack,6,4.341,synthetic-v1
DEMO-012,pack,7,4.356,synthetic-v1
DEMO-012,pack,8,4.389,synthetic-v1
DEMO-012,pack,9,4.461,synthetic-v1
DEMO-012,pack,10,4.574,synthetic-v1
DEMO-012,pack,11,4.712,synthetic-v1
DEMO-012,pack,12,4.846,synthetic-v1
DEMO-012,pack,13,4.947,synthetic-v1
DEMO-012,pack,14,5.006,synthetic-v1
DEMO-012,pack,15,5.03,synthetic-v1
DEMO-012,pack,16,5.045,synthetic-v1
DEMO-012,pack,17,5.083,synthetic-v1
DEMO-012,pack,18,5.161,synthetic-v1
DEMO-012,pack,19,5.28,synthetic-v1
DEMO-012,pack,20,5.419,synthetic-v1
DEMO-012,pack,21,5.55,synthetic-v1
DEMO-012,pack,22,5.645,synthetic-v1
DEMO-012,pack,23,5.697,synthetic-v1
DEMO-012,pack,24,5.718,synthetic-v1
DEMO-012,pack,25,5.735,synthetic-v1
DEMO-012,pack,26,5.777,synthetic-v1
DEMO-012,pack,27,5.862,synthetic-v1
DEMO-012,pack,28,5.986,synthetic-v1
DEMO-012,pack,29,6.126,synthetic-v1
DEMO-012,pack,30,6.252,synthetic-v1
DEMO-012,pack,31,6.341,synthetic-v1
DEMO-012,pack,32,6.387,synthetic-v1
DEMO-012,pack,33,6.405,synthetic-v1
DEMO-012,pack,34,6.425,synthetic-v1
DEMO-012,pack,35,6.473,synthetic-v1
DEMO-012,pack,36,6.565,synthetic-v1
DEMO-012,pack,37,6.693,synthetic-v1
DEMO-012,pack,38,6.833,synthetic-v1
DEMO-012,pack,39,6.954,synthetic-v1
DEMO-012,pack,40,7.036,synthetic-v1
DEMO-012,pack,41,7.077,synthetic-v1
DEMO-012,pack,42,7.093,synthetic-v1
DEMO-012,pack,43,7.115,synthetic-v1
DEMO-012,pack,44,7.17,synthetic-v1
DEMO-012,pack,45,7.268,synthetic-v1
DEMO-012,pack,46,7.4,synthetic-v1
DEMO-012,pack,47,7.539,synthetic-v1
DEMO-012,pack,48,7.655,synthetic-v1
DEMO-012,pack,49,7.731,synthetic-v1
DEMO-012,pack,50,7.766,synthetic-v1
DEMO-012,pack,51,7.781,synthetic-v1
DEMO-012,pack,52,7.807,synthetic-v1
DEMO-012,pack,53,7.868,synthetic-v1
DEMO-012,pack,54,7.972,synthetic-v1
DEMO-012,pack,55,8.107,synthetic-v1
DEMO-012,pack,56,8.244,synthetic-v1
DEMO-012,pack,57,8.355,synthetic-v1
DEMO-012,pack,58,8.424,synthetic-v1
DEMO-012,pack,59,8.455,synthetic-v1
DEMO-012,pack,60,8.47,synthetic-v1
DEMO-012,actuator,1,180.0,synthetic-v1
DEMO-012,actuator,2,180.0,synthetic-v1
DEMO-012,actuator,3,180.0,synthetic-v1
DEMO-012,actuator,4,180.0,synthetic-v1
DEMO-012,actuator,5,180.0,synthetic-v1
DEMO-012,actuator,6,180.0,synthetic-v1
DEMO-012,actuator,7,180.0,synthetic-v1
DEMO-012,actuator,8,180.0,synthetic-v1
DEMO-012,actuator,9,180.0,synthetic-v1
DEMO-012,actuator,10,180.0,synthetic-v1
DEMO-012,actuator,11,180.0,synthetic-v1
DEMO-012,actuator,12,180.0,synthetic-v1
DEMO-012,actuator,13,180.0,synthetic-v1
DEMO-012,actuator,14,180.0,synthetic-v1
DEMO-012,actuator,15,180.0,synthetic-v1
DEMO-012,actuator,16,180.0,synthetic-v1
DEMO-012,actuator,17,180.0,synthetic-v1
DEMO-012,actuator,18,180.0,synthetic-v1
DEMO-012,actuator,19,180.0,synthetic-v1
DEMO-012,actuator,20,180.0,synthetic-v1
DEMO-012,actuator,21,180.0,synthetic-v1
DEMO-012,actuator,22,180.0,synthetic-v1
DEMO-012,actuator,23,180.0,synthetic-v1
DEMO-012,actuator,24,180.0,synthetic-v1
DEMO-012,actuator,25,180.0,synthetic-v1
DEMO-012,actuator,26,180.0,synthetic-v1
DEMO-012,actuator,27,180.0,synthetic-v1
DEMO-012,actuator,28,180.0,synthetic-v1
DEMO-012,actuator,29,180.0,synthetic-v1
DEMO-012,actuator,30,180.0,synthetic-v1
DEMO-012,actuator,31,182.156,synthetic-v1
DEMO-012,actuator,32,183.819,synthetic-v1
DEMO-012,actuator,33,185.672,synthetic-v1
DEMO-012,actuator,34,188.424,synthetic-v1
DEMO-012,actuator,35,192.351,synthetic-v1
DEMO-012,actuator,36,197.159,synthetic-v1
DEMO-012,actuator,37,202.13,synthetic-v1
DEMO-012,actuator,38,206.467,synthetic-v1
DEMO-012,actuator,39,209.678,synthetic-v1
DEMO-012,actuator,40,211.817,synthetic-v1
DEMO-012,actuator,41,213.454,synthetic-v1
DEMO-012,actuator,42,215.405,synthetic-v1
DEMO-012,actuator,43,218.33,synthetic-v1
DEMO-012,actuator,44,222.421,synthetic-v1
DEMO-012,actuator,45,227.307,synthetic-v1
DEMO-012,actuator,46,232.23,synthetic-v1
DEMO-012,actuator,47,236.416,synthetic-v1
DEMO-012,actuator,48,239.448,synthetic-v1
DEMO-012,actuator,49,241.465,synthetic-v1
DEMO-012,actuator,50,243.097,synthetic-v1
DEMO-012,actuator,51,245.161,synthetic-v1
DEMO-012,actuator,52,248.263,synthetic-v1
DEMO-012,actuator,53,252.511,synthetic-v1
DEMO-012,actuator,54,257.455,synthetic-v1
DEMO-012,actuator,55,262.312,synthetic-v1
DEMO-012,actuator,56,266.339,synthetic-v1
DEMO-012,actuator,57,269.195,synthetic-v1
DEMO-012,actuator,58,271.105,synthetic-v1
DEMO-012,actuator,59,272.751,synthetic-v1
DEMO-012,actuator,60,274.941,synthetic-v1
